id,name,link,path,commits,TooManyMethods,ExcessiveMethodLength,ExcessiveClassLength,DataClass,ExcessiveParameterList
0,hidroh/materialistic,https://github.com/hidroh/materialistic,repositories/materialistic,1716,39,1,0,4,0
1,gsantner/memetastic,https://github.com/gsantner/memetastic,repositories/memetastic,230,9,1,0,8,0
2,fenimore/DemocracyDroid,https://github.com/fenimore/DemocracyDroid,repositories/DemocracyDroid,425,1,0,0,2,0
3,ctodobom/OpenNoteScanner,https://github.com/ctodobom/OpenNoteScanner,repositories/OpenNoteScanner,194,3,4,2,3,0
4,HugoGresse/Anecdote,https://github.com/HugoGresse/Anecdote,repositories/Anecdote,308,4,0,0,3,0
5,greenaddress/abcore,https://github.com/greenaddress/abcore,repositories/abcore,230,0,1,0,0,0
6,mkulesh/microMathematics,https://github.com/mkulesh/microMathematics,repositories/microMathematics,495,35,24,8,9,1
7,vijai1996/screenrecorder,https://github.com/vijai1996/screenrecorder,repositories/screenrecorder,191,6,1,0,1,0
8,gsantner/markor,https://github.com/gsantner/markor,repositories/markor,821,18,6,0,3,4
9,SecUSo/privacy-friendly-pedometer,https://github.com/SecUSo/privacy-friendly-pedometer,repositories/privacy-friendly-pedometer,259,8,6,0,9,0
10,philliphsu/ClockPlus,https://github.com/philliphsu/ClockPlus,repositories/ClockPlus,485,14,1,0,0,0
11,Sparker0i/Weather,https://github.com/Sparker0i/Weather,repositories/Weather,672,3,2,0,4,0
12,ScreamingHawk/android-slideshow,https://github.com/ScreamingHawk/android-slideshow,repositories/android-slideshow,319,1,1,0,2,0
13,openintents/notepad,https://github.com/openintents/notepad,repositories/notepad,165,3,7,2,0,0
14,jtmcn/archwiki-viewer,https://github.com/jtmcn/archwiki-viewer,repositories/archwiki-viewer,94,0,0,0,1,0
15,kwantam/batsHIIT,https://github.com/kwantam/batsHIIT,repositories/batsHIIT,17,1,1,0,0,0
16,commons-app/apps-android-commons,https://github.com/commons-app/apps-android-commons,repositories/apps-android-commons,4233,24,4,0,17,2
17,Cj-Malone/Screens,https://github.com/Cj-Malone/Screens,repositories/Screens,99,0,1,0,0,0
18,MarcelJurtz/MTG_LifeCounter,https://github.com/MarcelJurtz/MTG_LifeCounter,repositories/MTG_LifeCounter,184,3,1,0,0,0
19,OpenArchive/openarchive,https://github.com/OpenArchive/openarchive,repositories/openarchive,313,3,3,0,2,0
20,erickok/transdroid,https://github.com/erickok/transdroid,repositories/transdroid,593,23,26,2,12,3
21,kollerlukas/Camera-Roll-Android-App,https://github.com/kollerlukas/Camera-Roll-Android-App,repositories/Camera-Roll-Android-App,393,13,10,2,3,0
22,T-Rex96/Easy_xkcd,https://github.com/T-Rex96/Easy_xkcd,repositories/Easy_xkcd,641,5,4,0,0,0
23,TobiasBielefeld/Simple-Brick-Games,https://github.com/TobiasBielefeld/Simple-Brick-Games,repositories/Simple-Brick-Games,51,4,5,1,0,0
24,TheTorProject/ooniprobe-android,https://github.com/TheTorProject/ooniprobe-android,repositories/ooniprobe-android,446,2,2,0,2,0
25,MCMrARM/revolution-irc,https://github.com/MCMrARM/revolution-irc,repositories/revolution-irc,768,22,5,0,1,1
26,andOTP/andOTP,https://github.com/andOTP/andOTP,repositories/andOTP,661,4,7,0,0,0
27,qqq3/inventum,https://github.com/qqq3/inventum,repositories/inventum,36,5,0,0,0,0
28,HenriDellal/emerald,https://github.com/HenriDellal/emerald,repositories/emerald,124,3,1,0,1,0
29,tengusw/share_to_clipboard,https://github.com/tengusw/share_to_clipboard,repositories/share_to_clipboard,132,0,0,0,0,0
30,arnef/bewegungsmelder-android,https://github.com/arnef/bewegungsmelder-android,repositories/bewegungsmelder-android,41,1,1,0,4,0
31,SecUSo/privacy-friendly-dice-game,https://github.com/SecUSo/privacy-friendly-dice-game,repositories/privacy-friendly-dice-game,111,0,1,0,0,0
32,itds-consulting/android-silent-ping-sms,https://github.com/itds-consulting/android-silent-ping-sms,repositories/android-silent-ping-sms,26,1,0,0,0,0
33,gilbsgilbs/freemobilenetstat,https://github.com/gilbsgilbs/freemobilenetstat,repositories/freemobilenetstat,1726,4,9,0,1,0
34,BiglySoftware/BiglyBT-Android,https://github.com/BiglySoftware/BiglyBT-Android,repositories/BiglyBT-Android,974,45,39,12,8,0
35,btimofeev/UniPatcher,https://github.com/btimofeev/UniPatcher,repositories/UniPatcher,177,2,1,0,2,0
36,Andre1299/TUI-ConsoleLauncher,https://github.com/Andre1299/TUI-ConsoleLauncher,repositories/TUI-ConsoleLauncher,153,17,28,9,6,4
37,adolfintel/chromiumUpdater,https://github.com/adolfintel/chromiumUpdater,repositories/chromiumUpdater,45,0,1,0,0,0
38,termux/termux-app,https://github.com/termux/termux-app,repositories/termux-app,500,13,17,1,0,3
39,tananaev/rootless-logcat,https://github.com/tananaev/rootless-logcat,repositories/rootless-logcat,76,0,0,0,0,0
40,sergstetsuk/CosyDVR,https://github.com/sergstetsuk/CosyDVR,repositories/CosyDVR,115,1,2,0,0,0
41,caarmen/network-monitor,https://github.com/caarmen/network-monitor,repositories/network-monitor,956,6,1,0,0,1
42,termux/termux-styling,https://github.com/termux/termux-styling,repositories/termux-styling,95,0,0,0,0,0
43,TheUberCatman/crates-io-android,https://github.com/TheUberCatman/crates-io-android,repositories/crates-io-android,34,0,1,0,1,0
44,j4velin/Pedometer,https://github.com/j4velin/Pedometer,repositories/Pedometer,467,5,2,0,0,0
45,micolous/metrodroid,https://github.com/micolous/metrodroid,repositories/metrodroid,1683,9,20,0,2,1
46,wbrenna/GTFSOffline,https://github.com/wbrenna/GTFSOffline,repositories/GTFSOffline,78,0,7,0,0,0
47,caarmen/nounours-android,https://github.com/caarmen/nounours-android,repositories/nounours-android,401,3,0,0,0,1
48,Etar-Group/Etar-Calendar,https://github.com/Etar-Group/Etar-Calendar,repositories/Etar-Calendar,5634,32,42,11,5,7
49,SteamGifts/SteamGifts,https://github.com/SteamGifts/SteamGifts,repositories/SteamGifts,611,11,3,0,13,1
50,AnaelMobilia/NextINpact-Unofficial,https://github.com/AnaelMobilia/NextINpact-Unofficial,repositories/NextINpact-Unofficial,1001,2,10,1,3,0
51,scoute-dich/HHSMoodle,https://github.com/scoute-dich/HHSMoodle,repositories/HHSMoodle,174,1,6,0,0,0
52,joonatoona/OpenShift,https://github.com/joonatoona/OpenShift,repositories/OpenShift,16,0,0,0,0,0
53,maks/MGit,https://github.com/maks/MGit,repositories/MGit,698,6,0,0,0,0
54,meoblast001/thugaim,https://github.com/meoblast001/thugaim,repositories/thugaim,119,3,0,0,0,0
55,Tortel/SysLog,https://github.com/Tortel/SysLog,repositories/SysLog,239,6,12,2,3,4
56,pR0Ps/LocationShare,https://github.com/pR0Ps/LocationShare,repositories/LocationShare,52,1,0,0,0,0
57,dftec-es/planetcon,https://github.com/dftec-es/planetcon,repositories/planetcon,11,6,4,2,0,1
58,saschpe/BirthdayCalendar,https://github.com/saschpe/BirthdayCalendar,repositories/BirthdayCalendar,213,1,2,0,1,0
59,EvanRespaut/Equate,https://github.com/EvanRespaut/Equate,repositories/Equate,395,7,4,1,0,0
60,alaskalinuxuser/app_hourglass,https://github.com/alaskalinuxuser/app_hourglass,repositories/app_hourglass,16,1,1,0,0,0
61,Neamar/KISS,https://github.com/Neamar/KISS,repositories/KISS,2974,6,3,0,3,0
62,qqq3/good-weather,https://github.com/qqq3/good-weather,repositories/good-weather,748,1,0,0,1,0
63,TripSit/tripmobile,https://github.com/TripSit/tripmobile,repositories/tripmobile,324,4,0,0,1,0
64,y20k/transistor,https://github.com/y20k/transistor,repositories/transistor,831,5,1,1,1,1
65,geecko86/QuickLyric,https://github.com/geecko86/QuickLyric,repositories/QuickLyric,979,8,12,1,2,0
66,richsmith/sexytopo,https://github.com/richsmith/sexytopo,repositories/sexytopo,268,13,0,1,0,0
67,icechen1/Notable,https://github.com/icechen1/Notable,repositories/Notable,26,2,1,0,3,0
68,quaap/SeafoodBerserker,https://github.com/quaap/SeafoodBerserker,repositories/SeafoodBerserker,122,3,1,0,0,0
69,Gittner/OSMBugs,https://github.com/Gittner/OSMBugs,repositories/OSMBugs,266,1,3,0,0,1
70,oliexdev/openScale,https://github.com/oliexdev/openScale,repositories/openScale,1356,11,5,0,3,0
71,termux/termux-widget,https://github.com/termux/termux-widget,repositories/termux-widget,42,0,0,0,0,0
72,guardianproject/ripple,https://github.com/guardianproject/ripple,repositories/ripple,100,0,0,0,0,0
73,termux/termux-float,https://github.com/termux/termux-float,repositories/termux-float,17,2,0,0,0,0
74,capitoledulibre/cdl-companion-android,https://github.com/capitoledulibre/cdl-companion-android,repositories/cdl-companion-android,358,6,3,0,6,0
75,gjedeer/mylocation,https://github.com/gjedeer/mylocation,repositories/mylocation,45,1,0,0,0,0
76,SecUSo/privacy-friendly-shopping-list,https://github.com/SecUSo/privacy-friendly-shopping-list,repositories/privacy-friendly-shopping-list,404,4,3,0,21,0
77,vanilla-music/vanilla-music-cover-fetch,https://github.com/vanilla-music/vanilla-music-cover-fetch,repositories/vanilla-music-cover-fetch,35,1,0,0,0,0
78,scoute-dich/K9-MailClient,https://github.com/scoute-dich/K9-MailClient,repositories/K9-MailClient,53,114,51,21,12,2
79,veniosg/Dir,https://github.com/veniosg/Dir,repositories/Dir,821,13,0,0,1,0
80,greenaddress/GreenBits,https://github.com/greenaddress/GreenBits,repositories/GreenBits,1966,387,78,69,21,5
81,flyve-mdm/android-inventory-agent/,https://github.com/flyve-mdm/android-inventory-agent/,repositories/android-inventory-agent/,700,0,0,0,3,0
82,marunjar/anewjkuapp,https://github.com/marunjar/anewjkuapp,repositories/anewjkuapp,983,13,10,1,9,3
83,anselm94/Torchie-Android,https://github.com/anselm94/Torchie-Android,repositories/Torchie-Android,135,6,0,0,0,1
84,WangDaYeeeeee/Mysplash,https://github.com/WangDaYeeeeee/Mysplash,repositories/Mysplash,176,61,2,2,25,0
85,DecentralizedAmateurPagingNetwork/DAPNETApp,https://github.com/DecentralizedAmateurPagingNetwork/DAPNETApp,repositories/DAPNETApp,216,3,0,0,8,0
86,butzist/ActivityLauncher,https://github.com/butzist/ActivityLauncher,repositories/ActivityLauncher,60,0,0,0,0,0
87,francescosoave/TIS_android,https://github.com/francescosoave/TIS_android,repositories/TIS_android,16,0,0,0,0,0
88,tranquvis/SimpleSmsRemote,https://github.com/tranquvis/SimpleSmsRemote,repositories/SimpleSmsRemote,257,5,2,0,7,0
89,RyuzakiKK/NoteCrypt,https://github.com/RyuzakiKK/NoteCrypt,repositories/NoteCrypt,96,2,1,0,0,0
90,h42i/d00r-app,https://github.com/h42i/d00r-app,repositories/d00r-app,8,0,0,0,2,0
91,westnordost/StreetComplete,https://github.com/westnordost/StreetComplete,repositories/StreetComplete,1514,36,0,0,7,3
92,linuxtage/glt-companion,https://github.com/linuxtage/glt-companion,repositories/glt-companion,374,6,3,0,6,0
93,gentlecat/Simple-Counter/,https://github.com/gentlecat/Simple-Counter/,repositories/Simple-Counter/,210,3,0,0,0,0
94,thuryn/your-local-weather,https://github.com/thuryn/your-local-weather,repositories/your-local-weather,3756,9,8,1,7,1
95,abrensch/brouter,https://github.com/abrensch/brouter,repositories/brouter,309,19,30,2,1,0
96,reloZid/android-anuto,https://github.com/reloZid/android-anuto,repositories/android-anuto,817,15,0,0,0,0
97,VREMSoftwareDevelopment/WifiAnalyzer,https://github.com/VREMSoftwareDevelopment/WifiAnalyzer,repositories/WifiAnalyzer,1271,22,1,0,1,0
98,domogik/domodroid,https://github.com/domogik/domodroid,repositories/domodroid,2022,10,44,7,10,6
99,mikifus/padland,https://github.com/mikifus/padland,repositories/padland,202,5,1,0,0,0
100,Sensirion/SmartGadget-Android,https://github.com/Sensirion/SmartGadget-Android,repositories/SmartGadget-Android,151,12,0,0,1,0
101,TobiasBielefeld/Simple-Solitaire,https://github.com/TobiasBielefeld/Simple-Solitaire,repositories/Simple-Solitaire,866,28,6,2,0,0
102,kaputnikGo/LittleSirEcho,https://github.com/kaputnikGo/LittleSirEcho,repositories/LittleSirEcho,10,1,0,0,0,0
103,meefik/busybox,https://github.com/meefik/busybox,repositories/busybox,110,0,0,0,0,0
104,SufficientlySecure/calendar-import-export,https://github.com/SufficientlySecure/calendar-import-export,repositories/calendar-import-export,296,3,3,1,0,0
105,vanilla-music/vanilla-music-tag-editor,https://github.com/vanilla-music/vanilla-music-tag-editor,repositories/vanilla-music-tag-editor,52,0,1,0,0,0
106,openintents/shoppinglist,https://github.com/openintents/shoppinglist,repositories/shoppinglist,493,8,16,4,1,0
107,rootkiwi/an2linuxclient,https://github.com/rootkiwi/an2linuxclient,repositories/an2linuxclient,61,2,4,0,1,0
108,janoliver/pOT-Droid,https://github.com/janoliver/pOT-Droid,repositories/pOT-Droid,582,14,10,1,5,0
109,shlusiak/Freebloks-Android,https://github.com/shlusiak/Freebloks-Android,repositories/Freebloks-Android,1006,11,10,2,3,1
110,rdoeffinger/Dictionary,https://github.com/rdoeffinger/Dictionary,repositories/Dictionary,638,3,6,1,0,0
111,brarcher/rental-calc,https://github.com/brarcher/rental-calc,repositories/rental-calc,175,8,14,0,0,0
112,vitas/beaconloc,https://github.com/vitas/beaconloc,repositories/beaconloc,90,9,1,0,3,0
113,dimtion/Shaarlier,https://github.com/dimtion/Shaarlier,repositories/Shaarlier,150,0,0,0,4,0
114,hypeapps/Endoscope,https://github.com/hypeapps/Endoscope,repositories/Endoscope,106,13,4,0,0,0
115,quaap/PhoneFoneFun,https://github.com/quaap/PhoneFoneFun,repositories/PhoneFoneFun,29,1,0,0,0,0
116,ccrama/Slide,https://github.com/ccrama/Slide,repositories/Slide,3656,40,178,13,9,5
117,afollestad/nock-nock,https://github.com/afollestad/nock-nock,repositories/nock-nock,52,1,0,0,0,0
118,raphaelm/c3nav-android/,https://github.com/raphaelm/c3nav-android/,repositories/c3nav-android/,76,0,1,0,0,0
119,nerzhul/ownCloud-SMS-App,https://github.com/nerzhul/ownCloud-SMS-App,repositories/ownCloud-SMS-App,576,1,0,0,0,0
120,aragaer/jtt_android,https://github.com/aragaer/jtt_android,repositories/jtt_android,574,0,0,0,0,0
121,openfoodfacts/openfoodfacts-androidapp,https://github.com/openfoodfacts/openfoodfacts-androidapp,repositories/openfoodfacts-androidapp,5091,17,19,2,28,2
122,vector-im/riot-android,https://github.com/vector-im/riot-android,repositories/riot-android,6199,38,73,17,3,1
123,ScreamingHawk/fate-sheets,https://github.com/ScreamingHawk/fate-sheets,repositories/fate-sheets,155,0,0,0,7,0
124,termux/termux-tasker,https://github.com/termux/termux-tasker,repositories/termux-tasker,22,0,0,0,0,0
125,mikljohansson/retroboy,https://github.com/mikljohansson/retroboy,repositories/retroboy,186,3,2,1,1,0
126,vuze/vuze-remote-for-android,https://github.com/vuze/vuze-remote-for-android,repositories/vuze-remote-for-android,41,36,47,14,6,0
127,genonbeta/TrebleShot,https://github.com/genonbeta/TrebleShot,repositories/TrebleShot,807,12,17,1,9,1
128,ciubex/dscautorename,https://github.com/ciubex/dscautorename,repositories/dscautorename,172,9,1,3,1,0
129,vanilla-music/vanilla-music-lyrics-search,https://github.com/vanilla-music/vanilla-music-lyrics-search,repositories/vanilla-music-lyrics-search,42,1,0,0,0,0
130,y20k/trackbook,https://github.com/y20k/trackbook,repositories/trackbook,224,4,1,0,0,2
131,stom79/mastalab,https://github.com/stom79/mastalab,repositories/mastalab,3785,8,59,7,17,0
132,quaap/BookyMcBookface,https://github.com/quaap/BookyMcBookface,repositories/BookyMcBookface,264,5,3,1,1,0
133,nextcloud/android,https://github.com/nextcloud/android,repositories/android,11789,66,25,10,9,6
134,no-go/AnotherRSS,https://github.com/no-go/AnotherRSS,repositories/AnotherRSS,42,0,3,0,0,0
135,axxapy/apkExtractor,https://github.com/axxapy/apkExtractor,repositories/apkExtractor,53,0,0,0,0,0
136,rascarlo/AURdroid,https://github.com/rascarlo/AURdroid,repositories/AURdroid,54,3,0,0,0,0
137,bpeel/prevo,https://github.com/bpeel/prevo,repositories/prevo,206,2,1,0,0,0
138,scoute-dich/Weather,https://github.com/scoute-dich/Weather,repositories/Weather,672,3,2,0,4,0
139,no-go/TextThing,https://github.com/no-go/TextThing,repositories/TextThing,48,1,2,0,0,0
140,takke/DataStats,https://github.com/takke/DataStats,repositories/DataStats,118,3,2,0,1,0
141,trezor/trezor-android,https://github.com/trezor/trezor-android,repositories/trezor-android,66,224,22,33,9,2
142,GunshipPenguin/open_flood,https://github.com/GunshipPenguin/open_flood,repositories/open_flood,138,1,0,0,0,0
143,cgogolin/library,https://github.com/cgogolin/library,repositories/library,114,2,7,1,0,0
144,nilesr/United4,https://github.com/nilesr/United4,repositories/United4,229,3,1,0,0,0
145,TTTDevs/NextCloudBookmarksAndroid,https://github.com/TTTDevs/NextCloudBookmarksAndroid,repositories/NextCloudBookmarksAndroid,16,0,0,0,0,0
146,tjg1/nori,https://github.com/tjg1/nori,repositories/nori,561,6,0,1,2,0
147,metinkale38/namaz-vakti-android,https://github.com/metinkale38/namaz-vakti-android,repositories/namaz-vakti-android,375,17,18,3,2,0
148,SecUSo/privacy-friendly-memo-game,https://github.com/SecUSo/privacy-friendly-memo-game,repositories/privacy-friendly-memo-game,92,1,0,0,0,0
149,mo271/guessaday,https://github.com/mo271/guessaday,repositories/guessaday,43,0,1,0,0,0
150,theScrabi/OCBookmarks,https://github.com/theScrabi/OCBookmarks,repositories/OCBookmarks,76,0,0,0,0,0
151,souch/SMP,https://github.com/souch/SMP,repositories/SMP,274,5,2,1,4,1
152,SecUSo/privacy-friendly-passwordgenerator,https://github.com/SecUSo/privacy-friendly-passwordgenerator,repositories/privacy-friendly-passwordgenerator,281,1,4,0,1,1
153,theScrabi/Terminightor,https://github.com/theScrabi/Terminightor,repositories/Terminightor,51,0,0,0,0,0
154,aario/killcamera,https://github.com/aario/killcamera,repositories/killcamera,16,0,0,0,0,0
155,gateship-one/odyssey,https://github.com/gateship-one/odyssey,repositories/odyssey,1122,17,4,2,1,0
156,owncloud/android/,https://github.com/owncloud/android/,repositories/android/,11789,66,25,10,9,6
157,jatwigg/cmus-android-remote,https://github.com/jatwigg/cmus-android-remote,repositories/cmus-android-remote,45,0,0,0,0,0
158,proninyaroslav/libretorrent,https://github.com/proninyaroslav/libretorrent,repositories/libretorrent,1,0,0,0,0,0
159,stefan-niedermann/nextcloud-notes,https://github.com/stefan-niedermann/nextcloud-notes,repositories/nextcloud-notes,498,5,0,0,2,0
160,chaosdorf/meteroid,https://github.com/chaosdorf/meteroid,repositories/meteroid,238,1,1,0,2,0
161,js-labs/ShellsMP,https://github.com/js-labs/ShellsMP,repositories/ShellsMP,43,3,7,1,1,2
162,SecUSo/privacy-friendly-sudoku,https://github.com/SecUSo/privacy-friendly-sudoku,repositories/privacy-friendly-sudoku,207,5,6,1,4,0
163,vackosar/search-based-launcher/,https://github.com/vackosar/search-based-launcher/,repositories/search-based-launcher/,255,2,0,0,1,0
164,brarcher/loyalty-card-locker,https://github.com/brarcher/loyalty-card-locker,repositories/loyalty-card-locker,452,1,3,0,0,0
165,PowerInside/syncplayer,https://github.com/PowerInside/syncplayer,repositories/syncplayer,42,3,3,0,0,0
166,httpdispatch/MissedNotificationsReminder,https://github.com/httpdispatch/MissedNotificationsReminder,repositories/MissedNotificationsReminder,57,8,3,1,1,1
167,rignaneseleo/SlimSocial-for-Facebook,https://github.com/rignaneseleo/SlimSocial-for-Facebook,repositories/SlimSocial-for-Facebook,172,4,1,1,0,0
168,xbmc/Kore,https://github.com/xbmc/Kore,repositories/Kore,719,38,10,1,49,3
169,schnatterer/nusic,https://github.com/schnatterer/nusic,repositories/nusic,680,4,0,0,3,3
170,tejado/Authorizer,https://github.com/tejado/Authorizer,repositories/Authorizer,1339,24,18,4,4,3
171,CityZenApp/Android-Development,https://github.com/CityZenApp/Android-Development,repositories/Android-Development,327,6,1,0,4,1
172,franciscofranco/Simple-Reboot-app,https://github.com/franciscofranco/Simple-Reboot-app,repositories/Simple-Reboot-app,16,0,0,0,0,0
173,mosmetro-android/mosmetro-android,https://github.com/mosmetro-android/mosmetro-android,repositories/mosmetro-android,1042,3,5,0,0,0
174,vishesh/sealnote,https://github.com/vishesh/sealnote,repositories/sealnote,337,4,1,0,0,0
175,openfoodfacts/openfoodfacts-androidapp,https://github.com/openfoodfacts/openfoodfacts-androidapp,repositories/openfoodfacts-androidapp,5091,17,19,2,28,2
176,jonan/ForkHub,https://github.com/jonan/ForkHub,repositories/ForkHub,2849,29,4,0,2,1
177,biylda/WhereYouGo,https://github.com/biylda/WhereYouGo,repositories/WhereYouGo,224,14,5,0,6,1
178,wizmer/syncorg,https://github.com/wizmer/syncorg,repositories/syncorg,1361,8,3,0,0,0
179,asnelt/derandom,https://github.com/asnelt/derandom,repositories/derandom,14,4,1,1,0,1
180,manuelsc/Lunary-Ethereum-Wallet,https://github.com/manuelsc/Lunary-Ethereum-Wallet,repositories/Lunary-Ethereum-Wallet,82,8,6,0,6,1
181,etesync/android,https://github.com/etesync/android,repositories/android,11789,66,25,10,9,6
182,graham22/Classic,https://github.com/graham22/Classic,repositories/Classic,120,16,3,0,5,0
183,VladThodo/behe-keyboard,https://github.com/VladThodo/behe-keyboard,repositories/behe-keyboard,63,1,1,1,0,0
184,ndleyton/OneTwo,https://github.com/ndleyton/OneTwo,repositories/OneTwo,62,2,1,0,1,0
185,alaskalinuxuser/app_justnotes,https://github.com/alaskalinuxuser/app_justnotes,repositories/app_justnotes,16,0,5,0,0,0
186,42SK/TVKILL,https://github.com/42SK/TVKILL,repositories/TVKILL,92,1,0,0,0,0
187,lexica/lexica,https://github.com/lexica/lexica,repositories/lexica,218,8,0,0,0,0
188,openintents/flashlight,https://github.com/openintents/flashlight,repositories/flashlight,73,1,1,0,0,0
189,farmerbb/Taskbar,https://github.com/farmerbb/Taskbar,repositories/Taskbar,742,5,16,2,3,0
190,citiususc/calendula,https://github.com/citiususc/calendula,repositories/calendula,1383,28,5,2,25,1
191,no-go/ViboraFeed,https://github.com/no-go/ViboraFeed,repositories/ViboraFeed,36,0,0,0,0,0
192,EXL/Snooder21,https://github.com/EXL/Snooder21,repositories/Snooder21,53,2,1,1,0,0
193,jonasoreland/runnerup/,https://github.com/jonasoreland/runnerup/,repositories/runnerup/,2561,33,18,2,5,0
194,microg/android_packages_apps_UnifiedNlp,https://github.com/microg/android_packages_apps_UnifiedNlp,repositories/android_packages_apps_UnifiedNlp,223,5,0,1,2,1
195,brarcher/gift-card-guard,https://github.com/brarcher/gift-card-guard,repositories/gift-card-guard,121,1,1,0,0,0
196,Kestutis-Z/World-Weather,https://github.com/Kestutis-Z/World-Weather,repositories/World-Weather,277,4,4,1,3,0
197,dkim0419/SoundRecorder,https://github.com/dkim0419/SoundRecorder,repositories/SoundRecorder,80,1,0,0,0,0
198,seizonsenryaku/HayaiLauncher,https://github.com/seizonsenryaku/HayaiLauncher,repositories/HayaiLauncher,371,1,0,0,0,0
199,segler-alex/RadioDroid,https://github.com/segler-alex/RadioDroid,repositories/RadioDroid,625,11,2,0,3,0
200,fython/Blackbulb,https://github.com/fython/Blackbulb,repositories/Blackbulb,143,5,4,1,1,0
201,fossasia/open-event-android,https://github.com/fossasia/open-event-android,repositories/open-event-android,311,0,0,0,0,0
202,aravindsagar/ScreenShift,https://github.com/aravindsagar/ScreenShift,repositories/ScreenShift,35,7,0,1,0,0
203,openfoodfacts/openfoodfacts-androidapp,https://github.com/openfoodfacts/openfoodfacts-androidapp,repositories/openfoodfacts-androidapp,5091,17,19,2,28,2
204,milesmcc/LibreNews-Android,https://github.com/milesmcc/LibreNews-Android,repositories/LibreNews-Android,52,0,1,0,1,0
205,CriticalMaps/criticalmaps-android,https://github.com/CriticalMaps/criticalmaps-android,repositories/criticalmaps-android,871,5,0,0,0,0
206,gsantner/kimai-android,https://github.com/gsantner/kimai-android,repositories/kimai-android,101,3,0,0,1,0
207,theScrabi/OCBookmarks,https://github.com/theScrabi/OCBookmarks,repositories/OCBookmarks,76,0,0,0,0,0
208,termux/termux-api,https://github.com/termux/termux-api,repositories/termux-api,192,0,8,0,0,0
209,scoute-dich/Sieben,https://github.com/scoute-dich/Sieben,repositories/Sieben,55,1,38,0,0,0
210,gstraube/cythara,https://github.com/gstraube/cythara,repositories/cythara,267,7,27,2,3,2
211,markusfisch/ShaderEditor,https://github.com/markusfisch/ShaderEditor,repositories/ShaderEditor,479,7,2,2,1,0
212,LukeStonehm/LogicalDefence,https://github.com/LukeStonehm/LogicalDefence,repositories/LogicalDefence,186,0,0,0,0,0
213,alijc/CricketsAlarm,https://github.com/alijc/CricketsAlarm,repositories/CricketsAlarm,16,2,0,0,0,0
214,durka/HallMonitor,https://github.com/durka/HallMonitor,repositories/HallMonitor,225,5,1,2,0,0
215,erickok/transdroid,https://github.com/erickok/transdroid,repositories/transdroid,593,23,26,2,12,3
216,phunehehe/fooCam,https://github.com/phunehehe/fooCam,repositories/fooCam,81,1,0,0,0,0
217,threedliteguy/UhLocationReportingService,https://github.com/threedliteguy/UhLocationReportingService,repositories/UhLocationReportingService,5,1,0,0,0,0
218,grote/BlitzMail,https://github.com/grote/BlitzMail,repositories/BlitzMail,102,0,0,0,0,0
219,taky/effy,https://github.com/taky/effy,repositories/effy,83,0,0,0,0,0
220,boztalay/PuppyFrame,https://github.com/boztalay/PuppyFrame,repositories/PuppyFrame,40,1,0,0,0,0
221,pejic/Summation,https://github.com/pejic/Summation,repositories/Summation,32,0,0,0,0,0
222,anupam1525/AcrylicPaint,https://github.com/anupam1525/AcrylicPaint,repositories/AcrylicPaint,3,0,1,0,0,0
223,alt236/Android-Drawables---Android,https://github.com/alt236/Android-Drawables---Android,repositories/Android-Drawables---Android,44,1,0,2,0,0
224,headrevision/BehatReporter,https://github.com/headrevision/BehatReporter,repositories/BehatReporter,27,2,0,0,0,0
225,dynalogin/dynalogin-android,https://github.com/dynalogin/dynalogin-android,repositories/dynalogin-android,6,1,1,1,0,0
226,mathbellev/StdAtmosphere,https://github.com/mathbellev/StdAtmosphere,repositories/StdAtmosphere,10,3,0,4,0,0
227,dnet/adsdroid,https://github.com/dnet/adsdroid,repositories/adsdroid,65,0,0,0,0,0
228,OEP/rainwave-android,https://github.com/OEP/rainwave-android,repositories/rainwave-android,319,4,4,1,1,0
229,jufickel/rdt,https://github.com/jufickel/rdt,repositories/rdt,10,1,0,0,0,0
230,yuttadhammo/E-Tipitaka-for-Android,https://github.com/yuttadhammo/E-Tipitaka-for-Android,repositories/E-Tipitaka-for-Android,95,9,10,2,4,1
231,cbeyls/fosdem-companion-android,https://github.com/cbeyls/fosdem-companion-android,repositories/fosdem-companion-android,343,5,3,0,6,0
232,Smerty/zooborns.android,https://github.com/Smerty/zooborns.android,repositories/zooborns.android,92,0,1,0,2,0
233,billthefarmer/tuner,https://github.com/billthefarmer/tuner,repositories/tuner,210,1,4,1,0,0
234,hgdev-ch/toposuite-android,https://github.com/hgdev-ch/toposuite-android,repositories/toposuite-android,2031,30,13,0,39,9
235,AndlyticsProject/andlytics,https://github.com/AndlyticsProject/andlytics,repositories/andlytics,1522,15,12,1,13,1
236,devonjones/PathfinderOpenReference,https://github.com/devonjones/PathfinderOpenReference,repositories/PathfinderOpenReference,249,8,1,0,11,1
237,cmykola/Lexin,https://github.com/cmykola/Lexin,repositories/Lexin,58,7,10,1,0,1
238,ZorgeR/nanoConverter,https://github.com/ZorgeR/nanoConverter,repositories/nanoConverter,29,1,2,1,0,0
239,ValleZ/Paper-Wallet,https://github.com/ValleZ/Paper-Wallet,repositories/Paper-Wallet,224,9,14,4,3,1
240,ojacquemart/vlilleChecker,https://github.com/ojacquemart/vlilleChecker,repositories/vlilleChecker,380,7,0,0,1,0
241,gwhiteside/abstract-art,https://github.com/gwhiteside/abstract-art,repositories/abstract-art,166,2,3,0,0,0
242,yhcting/netmbuddy,https://github.com/yhcting/netmbuddy,repositories/netmbuddy,472,17,2,4,2,0
243,arifhn/nstools,https://github.com/arifhn/nstools,repositories/nstools,175,2,1,0,3,0
244,koelleChristian/trickytripper,https://github.com/koelleChristian/trickytripper,repositories/trickytripper,287,24,11,2,18,1
245,mjdenham/and-bible,https://github.com/mjdenham/and-bible,repositories/and-bible,2831,28,3,0,6,0
246,rafi-kamal/Bangla-Dictionary,https://github.com/rafi-kamal/Bangla-Dictionary,repositories/Bangla-Dictionary,36,0,0,0,1,0
247,vx/connectbot,https://github.com/vx/connectbot,repositories/connectbot,739,28,38,9,17,2
248,irssiconnectbot/irssiconnectbot,https://github.com/irssiconnectbot/irssiconnectbot,repositories/irssiconnectbot,586,27,36,7,17,2
249,concentricsky/android-viewer-for-khan-academy,https://github.com/concentricsky/android-viewer-for-khan-academy,repositories/android-viewer-for-khan-academy,4,12,7,1,11,0
250,chemicalappspace/Isotopes,https://github.com/chemicalappspace/Isotopes,repositories/Isotopes,21,0,0,0,0,0
251,xgouchet/Ted,https://github.com/xgouchet/Ted,repositories/Ted,42,2,0,0,0,0
252,DocSalvi/LinuxDayAppAndroid,https://github.com/DocSalvi/LinuxDayAppAndroid,repositories/LinuxDayAppAndroid,40,2,0,0,1,0
253,yourealwaysbe/teacup,https://github.com/yourealwaysbe/teacup,repositories/teacup,121,4,0,1,1,1
254,QuantumBadger/RedReader,https://github.com/QuantumBadger/RedReader,repositories/RedReader,1254,31,49,1,6,6
255,klassm/andFHEM,https://github.com/klassm/andFHEM,repositories/andFHEM,2682,6,2,0,6,0
256,ultramega/elementary,https://github.com/ultramega/elementary,repositories/elementary,502,1,0,2,0,1
257,slapperwan/gh4a,https://github.com/slapperwan/gh4a,repositories/gh4a,2602,50,9,0,4,10
258,romario333/opensudoku,https://github.com/romario333/opensudoku,repositories/opensudoku,241,10,4,0,0,0
259,qii/weiciyuan,https://github.com/qii/weiciyuan,repositories/weiciyuan,3128,55,24,5,36,3
260,czlee/debatekeeper,https://github.com/czlee/debatekeeper,repositories/debatekeeper,622,5,3,1,0,0
261,mick88/filemanager,https://github.com/mick88/filemanager,repositories/filemanager,226,3,0,0,0,0
262,ginkel/hashit,https://github.com/ginkel/hashit,repositories/hashit,117,2,1,0,0,0
263,bpellin/keepassdroid,https://github.com/bpellin/keepassdroid,repositories/keepassdroid,1041,19,6,2,2,0
264,LittleFox94/PGPAuth,https://github.com/LittleFox94/PGPAuth,repositories/PGPAuth,79,0,0,0,0,0
265,maxfierke/sandwichroulette,https://github.com/maxfierke/sandwichroulette,repositories/sandwichroulette,6,1,0,0,2,0
266,j4velin/SystemAppMover,https://github.com/j4velin/SystemAppMover,repositories/SystemAppMover,67,0,3,0,0,0
267,andybotting/tramhunter,https://github.com/andybotting/tramhunter,repositories/tramhunter,288,2,2,0,6,0
268,danieloeh/AntennaPod,https://github.com/danieloeh/AntennaPod,repositories/AntennaPod,4591,59,15,7,16,7
269,aarddict/android,https://github.com/aarddict/android,repositories/android,11789,66,25,10,9,6
270,nephoapp/anarxiv,https://github.com/nephoapp/anarxiv,repositories/anarxiv,54,2,2,0,0,0
271,geometer/FBReaderJ,https://github.com/geometer/FBReaderJ,repositories/FBReaderJ,9034,64,32,7,11,8
272,Pansanel/cetoolbox,https://github.com/Pansanel/cetoolbox,repositories/cetoolbox,40,0,5,0,1,0
273,feelinglucky/Presentation,https://github.com/feelinglucky/Presentation,repositories/Presentation,33,0,0,0,0,0
274,open-keychain/open-keychain,https://github.com/open-keychain/open-keychain,repositories/open-keychain,7094,68,48,9,6,2
275,ankidroid/Anki-Android,https://github.com/ankidroid/Anki-Android,repositories/Anki-Android,8898,48,28,9,12,0
276,fivasim/Antikythera-Simulation,https://github.com/fivasim/Antikythera-Simulation,repositories/Antikythera-Simulation,3,0,3,0,0,0
277,Tyde/TuCanMobile,https://github.com/Tyde/TuCanMobile,repositories/TuCanMobile,316,0,2,0,1,1
278,dennischen/daily-money,https://github.com/dennischen/daily-money,repositories/daily-money,176,16,5,0,9,1
279,hwki/SimpleBitcoinWidget,https://github.com/hwki/SimpleBitcoinWidget,repositories/SimpleBitcoinWidget,123,0,0,0,0,0
280,zikalify/BMI_Calculator,https://github.com/zikalify/BMI_Calculator,repositories/BMI_Calculator,28,0,0,0,0,0
281,roelb/Simple-C25K,https://github.com/roelb/Simple-C25K,repositories/Simple-C25K,45,2,3,0,0,0
282,yuttadhammo/BodhiTimer,https://github.com/yuttadhammo/BodhiTimer,repositories/BodhiTimer,9,1,5,1,0,0
283,yanchenko/droidparts-battery-widget,https://github.com/yanchenko/droidparts-battery-widget,repositories/droidparts-battery-widget,11,0,0,0,0,0
284,lordi/tickmate,https://github.com/lordi/tickmate,repositories/tickmate,399,4,3,0,1,0
285,dougkeen/BartRunnerAndroid,https://github.com/dougkeen/BartRunnerAndroid,repositories/BartRunnerAndroid,204,6,3,0,6,0
286,ybonnel/TransportsRennes,https://github.com/ybonnel/TransportsRennes,repositories/TransportsRennes,1307,8,11,0,15,0
287,danielme-com/Muspy-for-Android,https://github.com/danielme-com/Muspy-for-Android,repositories/Muspy-for-Android,82,4,0,0,14,2
288,zagaberoo/diode,https://github.com/zagaberoo/diode,repositories/diode,972,12,11,3,9,1
289,monakhv/samlib-Info,https://github.com/monakhv/samlib-Info,repositories/samlib-Info,738,22,5,2,12,0
290,jagossel/MovingPolygons,https://github.com/jagossel/MovingPolygons,repositories/MovingPolygons,80,1,0,0,0,0
291,plusonelabs/calendar-widget,https://github.com/plusonelabs/calendar-widget,repositories/calendar-widget,415,5,0,0,0,0
292,alterechtschreibung/MonthCalendarWidget2FOSS,https://github.com/alterechtschreibung/MonthCalendarWidget2FOSS,repositories/MonthCalendarWidget2FOSS,9,2,3,0,0,1
293,illarionov/RtkGps,https://github.com/illarionov/RtkGps,repositories/RtkGps,75,8,4,0,0,5
294,asksven/BetterBatteryStats,https://github.com/asksven/BetterBatteryStats,repositories/BetterBatteryStats,209,7,42,4,2,10
295,bvalosek/cpuspy,https://github.com/bvalosek/cpuspy,repositories/cpuspy,73,1,0,0,0,0
296,sanbeg/flashlight,https://github.com/sanbeg/flashlight,repositories/flashlight,73,1,1,0,0,0
297,intrications/intent-intercept,https://github.com/intrications/intent-intercept,repositories/intent-intercept,138,1,0,0,0,0
298,mozilla/MozStumbler,https://github.com/mozilla/MozStumbler,repositories/MozStumbler,2698,19,4,1,2,1
299,domoritz/open-mensa-android,https://github.com/domoritz/open-mensa-android,repositories/open-mensa-android,170,1,0,0,0,0
300,OpenWatch/OpenWatch-Android,https://github.com/OpenWatch/OpenWatch-Android,repositories/OpenWatch-Android,438,14,8,1,1,0
301,cybro/PalmCalc,https://github.com/cybro/PalmCalc,repositories/PalmCalc,9,38,16,10,2,0
302,xargsgrep/PortKnocker,https://github.com/xargsgrep/PortKnocker,repositories/PortKnocker,175,2,0,0,5,0
303,DamienOReilly/PrepayCredit,https://github.com/DamienOReilly/PrepayCredit,repositories/PrepayCredit,49,1,1,0,1,0
304,wolpi/prim-ftpd,https://github.com/wolpi/prim-ftpd,repositories/prim-ftpd,549,10,4,1,4,2
305,lpar/RPN,https://github.com/lpar/RPN,repositories/RPN,37,2,0,0,0,0
306,mportuesisf/ScreenInfo,https://github.com/mportuesisf/ScreenInfo,repositories/ScreenInfo,54,2,0,0,0,0
307,gokhanmoral/STweaks,https://github.com/gokhanmoral/STweaks,repositories/STweaks,8,1,1,0,0,0
308,Vilbrekin/tinc_gui,https://github.com/Vilbrekin/tinc_gui,repositories/tinc_gui,81,2,0,0,0,0
309,adrian/upm-android,https://github.com/adrian/upm-android,repositories/upm-android,132,2,3,1,5,0
310,mafrosis/Wake-On-Lan,https://github.com/mafrosis/Wake-On-Lan,repositories/Wake-On-Lan,129,1,0,0,1,0
311,MiCode/FileExplorer,https://github.com/MiCode/FileExplorer,repositories/FileExplorer,53,9,3,1,2,0
312,ambrice/timesheet,https://github.com/ambrice/timesheet,repositories/timesheet,45,2,1,0,0,0
313,daryldy/Heart,https://github.com/daryldy/Heart,repositories/Heart,106,2,0,0,0,0
314,onyxbits/pocketbandit,https://github.com/onyxbits/pocketbandit,repositories/pocketbandit,81,1,1,0,0,0
315,thialfihar/apg,https://github.com/thialfihar/apg,repositories/apg,4367,27,46,5,6,0
316,cernekee/ics-openconnect,https://github.com/cernekee/ics-openconnect,repositories/ics-openconnect,1004,9,1,1,3,0
317,raphaelm/opacclient,https://github.com/raphaelm/opacclient,repositories/opacclient,3815,37,51,11,21,0
318,cgeo/c-geo-opensource,https://github.com/cgeo/c-geo-opensource,repositories/c-geo-opensource,11220,74,35,14,11,6
319,inguin/moneybalance,https://github.com/inguin/moneybalance,repositories/moneybalance,72,4,1,0,2,0
320,mannd/epmobile,https://github.com/mannd/epmobile,repositories/epmobile,689,10,1,0,0,2
321,phw/PicardBarcodeScanner,https://github.com/phw/PicardBarcodeScanner,repositories/PicardBarcodeScanner,44,1,0,0,1,0
322,manmal/hn-android,https://github.com/manmal/hn-android,repositories/hn-android,306,3,1,0,0,0
323,ParanoidAndroid/android_packages_apps_ParanoidWallpapers,https://github.com/ParanoidAndroid/android_packages_apps_ParanoidWallpapers,repositories/android_packages_apps_ParanoidWallpapers,35,0,0,0,0,0
324,romannurik/muzei,https://github.com/romannurik/muzei,repositories/muzei,1862,8,5,1,1,0
325,MohammadAdib/RoundR,https://github.com/MohammadAdib/RoundR,repositories/RoundR,45,1,1,1,1,0
326,eleybourn/Book-Catalogue,https://github.com/eleybourn/Book-Catalogue,repositories/Book-Catalogue,1326,36,35,11,3,0
327,ebraminio/DroidPersianCalendar,https://github.com/ebraminio/DroidPersianCalendar,repositories/DroidPersianCalendar,2024,9,7,2,2,2
328,azapps/mirakel-dashclock,https://github.com/azapps/mirakel-dashclock,repositories/mirakel-dashclock,51,0,1,1,0,0
329,dmfs/tasks,https://github.com/dmfs/tasks,repositories/tasks,734,21,14,2,4,0
330,mobilepearls/com.mobilepearls.sokoban,https://github.com/mobilepearls/com.mobilepearls.sokoban,repositories/com.mobilepearls.sokoban,14,0,0,1,0,0
331,SimonMarquis/Android-PreferencesManager,https://github.com/SimonMarquis/Android-PreferencesManager,repositories/Android-PreferencesManager,196,9,0,0,0,0
332,jackpal/Android-Terminal-Emulator,https://github.com/jackpal/Android-Terminal-Emulator,repositories/Android-Terminal-Emulator,1038,12,14,3,1,4
333,AnySoftKeyboard/AnySoftKeyboard,https://github.com/AnySoftKeyboard/AnySoftKeyboard,repositories/AnySoftKeyboard,4274,55,12,2,1,13
334,asksven/BetterWifiOnOff,https://github.com/asksven/BetterWifiOnOff,repositories/BetterWifiOnOff,286,0,7,0,1,0
335,adrian-bl/bl-battstatus-android,https://github.com/adrian-bl/bl-battstatus-android,repositories/bl-battstatus-android,117,1,0,0,0,0
336,nolanlawson/Catlog,https://github.com/nolanlawson/Catlog,repositories/Catlog,347,6,1,1,4,0
337,uberspot/DebianDroid,https://github.com/uberspot/DebianDroid,repositories/DebianDroid,153,1,0,0,2,0
338,f2prateek/Device-Frame-Generator,https://github.com/f2prateek/Device-Frame-Generator,repositories/Device-Frame-Generator,396,5,1,0,0,2
339,kibab/encpasschanger,https://github.com/kibab/encpasschanger,repositories/encpasschanger,11,0,0,0,0,0
340,namsor/gendreapp,https://github.com/namsor/gendreapp,repositories/gendreapp,38,2,4,3,6,0
341,nolanlawson/KeepScore,https://github.com/nolanlawson/KeepScore,repositories/KeepScore,520,11,2,2,7,2
342,msemm/Keypad-Mapper-3,https://github.com/msemm/Keypad-Mapper-3,repositories/Keypad-Mapper-3,5,36,19,13,11,1
343,hauckwill/linconnect-client,https://github.com/hauckwill/linconnect-client,repositories/linconnect-client,17,0,2,0,0,0
344,onyxbits/listmyaps,https://github.com/onyxbits/listmyaps,repositories/listmyaps,112,1,1,0,2,0
345,dschuermann/ntp-sync,https://github.com/dschuermann/ntp-sync,repositories/ntp-sync,124,10,5,0,5,0
346,eolwral/OSMonitor,https://github.com/eolwral/OSMonitor,repositories/OSMonitor,353,27,7,2,0,4
347,jberkel/sms-backup-plus,https://github.com/jberkel/sms-backup-plus,repositories/sms-backup-plus,1715,18,0,0,3,2
348,momodalo/vimtouch,https://github.com/momodalo/vimtouch,repositories/vimtouch,363,11,7,4,0,3
349,Yubico/yubioath-android,https://github.com/Yubico/yubioath-android,repositories/yubioath-android,357,0,0,0,0,0
350,jarofgreen/Just-A-Damn-Compass,https://github.com/jarofgreen/Just-A-Damn-Compass,repositories/Just-A-Damn-Compass,6,0,0,0,0,0
351,nguillaumin/osmtracker-android,https://github.com/nguillaumin/osmtracker-android,repositories/osmtracker-android,432,6,4,0,0,0
352,Shahul3D/IndiaSatelliteWeather,https://github.com/Shahul3D/IndiaSatelliteWeather,repositories/IndiaSatelliteWeather,215,4,4,3,2,0
353,iFixit/iFixitAndroid,https://github.com/iFixit/iFixitAndroid,repositories/iFixitAndroid,2630,22,5,1,6,0
354,grote/Liberario,https://github.com/grote/Liberario,repositories/Liberario,1119,6,0,0,2,1
355,daj/flashback,https://github.com/daj/flashback,repositories/flashback,19,1,3,0,0,0
356,k9mail/k-9,https://github.com/k9mail/k-9,repositories/k-9,8089,136,44,17,13,6
357,joanpuigsanz/servdroid,https://github.com/joanpuigsanz/servdroid,repositories/servdroid,70,9,3,0,0,0
358,ubergeek42/weechat-android,https://github.com/ubergeek42/weechat-android,repositories/weechat-android,893,19,1,0,2,0
359,TKJElectronics/BalanduinoAndroidApp,https://github.com/TKJElectronics/BalanduinoAndroidApp,repositories/BalanduinoAndroidApp,376,1,4,0,1,0
360,withad/Mandelbrot-Maps-on-Android,https://github.com/withad/Mandelbrot-Maps-on-Android,repositories/Mandelbrot-Maps-on-Android,352,2,0,0,1,1
361,nolanlawson/JapaneseNameConverterRoot,https://github.com/nolanlawson/JapaneseNameConverterRoot,repositories/JapaneseNameConverterRoot,9,3,3,0,5,0
362,ShaneQful/Jupiter-Broadcasting-Android-App,https://github.com/ShaneQful/Jupiter-Broadcasting-Android-App,repositories/Jupiter-Broadcasting-Android-App,42,0,0,0,0,0
363,veken0m/bitcoinium,https://github.com/veken0m/bitcoinium,repositories/bitcoinium,518,6,6,0,15,1
364,codinguser/gnucash-android,https://github.com/codinguser/gnucash-android,repositories/gnucash-android,1728,30,11,3,1,0
365,mtotschnig/MyExpenses,https://github.com/mtotschnig/MyExpenses,repositories/MyExpenses,6943,74,33,6,10,1
366,bagilevi/android-pedometer,https://github.com/bagilevi/android-pedometer,repositories/android-pedometer,68,3,0,0,0,0
367,ghackett/AppAlarm,https://github.com/ghackett/AppAlarm,repositories/AppAlarm,8,3,1,1,0,0
368,ralphleon/TeaTimer,https://github.com/ralphleon/TeaTimer,repositories/TeaTimer,71,1,0,0,0,0
369,wdkapps/FillUp,https://github.com/wdkapps/FillUp,repositories/FillUp,15,5,0,0,2,0
370,nikclayton/android-squeezer,https://github.com/nikclayton/android-squeezer,repositories/android-squeezer,1412,25,10,3,13,0
371,MiCode/SoundRecorder,https://github.com/MiCode/SoundRecorder,repositories/SoundRecorder,80,1,0,0,0,0
372,daneren2005/Subsonic,https://github.com/daneren2005/Subsonic,repositories/Subsonic,3834,30,22,8,22,1
373,billthefarmer/accordion,https://github.com/billthefarmer/accordion,repositories/accordion,94,1,0,1,0,0
374,micwallace/reddinator,https://github.com/micwallace/reddinator,repositories/reddinator,357,12,11,2,1,0
375,ghisguth/blurred-lines-live,https://github.com/ghisguth/blurred-lines-live,repositories/blurred-lines-live,19,3,1,0,0,0
376,PuZZleDucK/Orbital-Live-Wallpaper,https://github.com/PuZZleDucK/Orbital-Live-Wallpaper,repositories/Orbital-Live-Wallpaper,100,1,1,0,0,0
377,netmackan/ATimeTracker,https://github.com/netmackan/ATimeTracker,repositories/ATimeTracker,132,4,1,1,0,0
378,dschuermann/birthday-adapter,https://github.com/dschuermann/birthday-adapter,repositories/birthday-adapter,244,1,2,0,1,0
379,maxpower47/PinDroid,https://github.com/maxpower47/PinDroid,repositories/PinDroid,941,8,0,0,5,1
380,tinkerlog/PongTime,https://github.com/tinkerlog/PongTime,repositories/PongTime,9,1,0,0,0,0
381,sismics/reader,https://github.com/sismics/reader,repositories/reader,689,6,10,0,36,2
382,onyxbits/remotekeyboard,https://github.com/onyxbits/remotekeyboard,repositories/remotekeyboard,93,9,5,1,3,0
383,chibibi/simpleDeadlines,https://github.com/chibibi/simpleDeadlines,repositories/simpleDeadlines,191,0,1,0,0,0
384,uberspot/2048-android,https://github.com/uberspot/2048-android,repositories/2048-android,80,0,0,0,0,0
385,scoutant/blokish,https://github.com/scoutant/blokish,repositories/blokish,100,5,0,0,0,0
386,tsapree/L9Droid,https://github.com/tsapree/L9Droid,repositories/L9Droid,317,5,9,3,1,2
387,ukanth/afwall,https://github.com/ukanth/afwall,repositories/afwall,1474,15,25,4,6,0
388,yuriykulikov/AlarmClock,https://github.com/yuriykulikov/AlarmClock,repositories/AlarmClock,1622,6,1,0,1,0
389,ilijamt/android-adbm,https://github.com/ilijamt/android-adbm,repositories/android-adbm,143,4,2,2,1,0
390,phw/Android-PwdHash,https://github.com/phw/Android-PwdHash,repositories/Android-PwdHash,147,1,0,0,0,0
391,Sash0k/bluetooth-spp-terminal,https://github.com/Sash0k/bluetooth-spp-terminal,repositories/bluetooth-spp-terminal,32,1,0,0,1,0
392,felixb/callmeter,https://github.com/felixb/callmeter,repositories/callmeter,2289,6,17,5,0,0
393,kaytdek/ColorNamer,https://github.com/kaytdek/ColorNamer,repositories/ColorNamer,47,2,0,0,0,0
394,MiCode/Compass,https://github.com/MiCode/Compass,repositories/Compass,4,0,0,0,0,0
395,dschuermann/faster-gps,https://github.com/dschuermann/faster-gps,repositories/faster-gps,105,4,1,0,0,0
396,jakebasile/hearing-saver,https://github.com/jakebasile/hearing-saver,repositories/hearing-saver,76,0,1,0,0,0
397,ikarus23/MifareClassicTool,https://github.com/ikarus23/MifareClassicTool,repositories/MifareClassicTool,640,6,8,3,0,0
398,fixme-lausanne/MyHackerspace,https://github.com/fixme-lausanne/MyHackerspace,repositories/MyHackerspace,407,1,3,0,0,0
399,hrk/no-frills-cpu-classic,https://github.com/hrk/no-frills-cpu-classic,repositories/no-frills-cpu-classic,38,0,2,0,0,0
400,lkorth/screen-notifications,https://github.com/lkorth/screen-notifications,repositories/screen-notifications,242,3,0,0,2,0
401,project-voodoo/simple_carrieriq_detector_app,https://github.com/project-voodoo/simple_carrieriq_detector_app,repositories/simple_carrieriq_detector_app,48,1,0,0,0,0
402,robert7k/sipswitch,https://github.com/robert7k/sipswitch,repositories/sipswitch,73,0,0,0,0,0
403,tananaev/traccar-client-android,https://github.com/tananaev/traccar-client-android,repositories/traccar-client-android,334,2,0,0,1,0
404,Softcatala/TraductorSoftcatalaAndroid,https://github.com/Softcatala/TraductorSoftcatalaAndroid,repositories/TraductorSoftcatalaAndroid,127,3,0,0,0,0
405,pilot51/voicenotify,https://github.com/pilot51/voicenotify,repositories/voicenotify,189,1,1,0,0,0
406,rahulaga/WorldClock,https://github.com/rahulaga/WorldClock,repositories/WorldClock,30,0,0,0,0,0
407,restorer/Gloomy-Dungeons-3D,https://github.com/restorer/Gloomy-Dungeons-3D,repositories/Gloomy-Dungeons-3D,55,10,16,3,4,1
408,vocollapse/Blockinger,https://github.com/vocollapse/Blockinger,repositories/Blockinger,75,5,3,0,1,0
409,uberspot/AnagramSolver,https://github.com/uberspot/AnagramSolver,repositories/AnagramSolver,50,0,0,0,0,0
410,geometer/FBReaderJ-plugin-local-opds-scanner,https://github.com/geometer/FBReaderJ-plugin-local-opds-scanner,repositories/FBReaderJ-plugin-local-opds-scanner,13,1,0,0,1,0
411,szym/barnacle,https://github.com/szym/barnacle,repositories/barnacle,7,2,1,0,0,0
412,rigid/Birthdroid,https://github.com/rigid/Birthdroid,repositories/Birthdroid,63,0,2,0,0,0
413,anthonycr/Lightning-Browser,https://github.com/anthonycr/Lightning-Browser,repositories/Lightning-Browser,1874,6,3,1,2,0
414,guardianproject/orweb,https://github.com/guardianproject/orweb,repositories/orweb,157,2,3,2,1,0
415,firetech/PactrackDroid,https://github.com/firetech/PactrackDroid,repositories/PactrackDroid,187,3,1,0,0,0
416,redsolution/xabber-android,https://github.com/redsolution/xabber-android,repositories/xabber-android,3139,52,22,5,44,20
417,TCA-Team/TumCampusApp,https://github.com/TCA-Team/TumCampusApp,repositories/TumCampusApp,2481,14,1,0,1,0
418,ge0rg/gamemasterdice,https://github.com/ge0rg/gamemasterdice,repositories/gamemasterdice,58,1,0,0,0,0
419,Xlythe/MinecraftClock,https://github.com/Xlythe/MinecraftClock,repositories/MinecraftClock,8,1,0,0,0,0
420,GiorgioRegni/Binaural-Beats,https://github.com/GiorgioRegni/Binaural-Beats,repositories/Binaural-Beats,119,3,3,1,2,3
421,mehmetakiftutuncu/eshotroid,https://github.com/mehmetakiftutuncu/eshotroid,repositories/eshotroid,21,1,0,0,2,0
422,osmandapp/Osmand,https://github.com/osmandapp/Osmand,repositories/Osmand,52128,385,194,99,95,31
423,jpeddicord/speedofsound,https://github.com/jpeddicord/speedofsound,repositories/speedofsound,232,0,0,0,0,0
424,adrian-bl/vanilla,https://github.com/adrian-bl/vanilla,repositories/vanilla,2,0,0,0,0,0
425,JesusFreke/Penroser,https://github.com/JesusFreke/Penroser,repositories/Penroser,147,1,1,0,1,0
426,jruesga/PhotoPhase,https://github.com/jruesga/PhotoPhase,repositories/PhotoPhase,557,11,6,2,1,0
427,vomitcuddle/nori,https://github.com/vomitcuddle/nori,repositories/nori,561,6,0,1,2,0
428,BrandroidTools/OpenExplorer,https://github.com/BrandroidTools/OpenExplorer,repositories/OpenExplorer,1669,133,120,28,27,3
429,sudowars/sudowars,https://github.com/sudowars/sudowars,repositories/sudowars,120,12,6,0,3,0
430,andstatus/andstatus,https://github.com/andstatus/andstatus,repositories/andstatus,2071,65,11,2,4,1
431,wordpress-mobile/WordPress-Android,https://github.com/wordpress-mobile/WordPress-Android,repositories/WordPress-Android,32866,154,43,17,2,3
432,YerayAlonso/LligaIntermunicipal,https://github.com/YerayAlonso/LligaIntermunicipal,repositories/LligaIntermunicipal,11,1,0,0,2,1
433,jecelyin/920-Text-Editor,https://github.com/jecelyin/920-Text-Editor,repositories/920-Text-Editor,20,14,30,7,2,16
434,nexes/Android-File-Manager,https://github.com/nexes/Android-File-Manager,repositories/Android-File-Manager,100,3,6,0,0,0
435,fmetzger/android-sensorium,https://github.com/fmetzger/android-sensorium,repositories/android-sensorium,218,1,2,0,2,0
436,ksksue/Android-USB-Serial-Monitor-Lite,https://github.com/ksksue/Android-USB-Serial-Monitor-Lite,repositories/Android-USB-Serial-Monitor-Lite,50,1,2,0,0,0
437,litrik/be.norio.randomapp,https://github.com/litrik/be.norio.randomapp,repositories/be.norio.randomapp,6,0,0,0,0,0
438,tillwoerner/BrightnessWidget,https://github.com/tillwoerner/BrightnessWidget,repositories/BrightnessWidget,17,1,1,0,0,0
439,jochem88/clean-calculator,https://github.com/jochem88/clean-calculator,repositories/clean-calculator,22,1,4,0,0,0
440,pejic/EasyDice,https://github.com/pejic/EasyDice,repositories/EasyDice,131,3,0,0,0,0
441,herrlado/GeorgianFonts,https://github.com/herrlado/GeorgianFonts,repositories/GeorgianFonts,28,2,0,0,0,0
442,borneq/HereGPSLocation,https://github.com/borneq/HereGPSLocation,repositories/HereGPSLocation,24,0,0,0,0,0
443,mtotschnig/SendWithFtp,https://github.com/mtotschnig/SendWithFtp,repositories/SendWithFtp,74,1,0,0,0,0
444,onyxbits/sensorreadout,https://github.com/onyxbits/sensorreadout,repositories/sensorreadout,92,3,2,1,0,6
445,Buttink/sick-stache,https://github.com/Buttink/sick-stache,repositories/sick-stache,101,5,2,0,4,0
446,koush/Superuser,https://github.com/koush/Superuser,repositories/Superuser,653,1,3,0,0,0
447,wiglenet/wigle-wifi-wardriving,https://github.com/wiglenet/wigle-wifi-wardriving,repositories/wigle-wifi-wardriving,1407,30,19,3,8,3
448,sozialhelden/wheelmap-android,https://github.com/sozialhelden/wheelmap-android,repositories/wheelmap-android,2008,23,10,1,20,1
449,MazeChaZer/WoT-Tank-Quiz,https://github.com/MazeChaZer/WoT-Tank-Quiz,repositories/WoT-Tank-Quiz,61,0,1,0,0,0
450,john-tornblom/TVHGuide,https://github.com/john-tornblom/TVHGuide,repositories/TVHGuide,364,6,1,0,0,0
451,dozingcat/Vector-Pinball,https://github.com/dozingcat/Vector-Pinball,repositories/Vector-Pinball,127,13,0,0,2,0
452,geometer/FBReaderJ-plugin-tts,https://github.com/geometer/FBReaderJ-plugin-tts,repositories/FBReaderJ-plugin-tts,49,2,0,0,1,0
453,gregko/TtsPlus-FBReader,https://github.com/gregko/TtsPlus-FBReader,repositories/TtsPlus-FBReader,137,4,2,1,0,0
454,robotmedia/droid-comic-viewer,https://github.com/robotmedia/droid-comic-viewer,repositories/droid-comic-viewer,75,13,15,4,20,0
455,softgearko/MultiPing-for-Android,https://github.com/softgearko/MultiPing-for-Android,repositories/MultiPing-for-Android,16,1,0,0,0,0
456,Anasthase/TintBrowserAdblockAddon,https://github.com/Anasthase/TintBrowserAdblockAddon,repositories/TintBrowserAdblockAddon,22,2,0,0,0,0
457,pocmo/Yaaic,https://github.com/pocmo/Yaaic,repositories/Yaaic,1066,8,4,2,5,0
458,ge0rg/yaxim,https://github.com/ge0rg/yaxim,repositories/yaxim,1256,11,7,2,3,3
459,liato/android-bankdroid,https://github.com/liato/android-bankdroid,repositories/android-bankdroid,1325,7,4,1,11,2
460,niteshpatel/ministocks,https://github.com/niteshpatel/ministocks,repositories/ministocks,253,7,2,0,3,0
461,mboesling/HydroMemo,https://github.com/mboesling/HydroMemo,repositories/HydroMemo,13,0,0,0,0,0
462,zxing/zxing,https://github.com/zxing/zxing,repositories/zxing,3480,27,20,0,18,9
463,bherrmann7/Car-Cast,https://github.com/bherrmann7/Car-Cast,repositories/Car-Cast,274,9,6,3,3,0
464,billthefarmer/melodeon,https://github.com/billthefarmer/melodeon,repositories/melodeon,64,1,0,0,0,0
465,tobykurien/GoogleNews,https://github.com/tobykurien/GoogleNews,repositories/GoogleNews,90,0,0,0,0,0
466,SimonMarquis/Android-SecretCodes,https://github.com/SimonMarquis/Android-SecretCodes,repositories/Android-SecretCodes,75,0,0,0,0,0
467,marin-liovic/Fast-Brightness-Control-Widget,https://github.com/marin-liovic/Fast-Brightness-Control-Widget,repositories/Fast-Brightness-Control-Widget,14,0,0,0,1,0
468,lllllT/MultiPictureLiveWallpaper,https://github.com/lllllT/MultiPictureLiveWallpaper,repositories/MultiPictureLiveWallpaper,250,5,14,1,3,1
469,dozingcat/AsciiCam,https://github.com/dozingcat/AsciiCam,repositories/AsciiCam,54,3,1,0,2,4
470,lightbox/QuickSnap,https://github.com/lightbox/QuickSnap,repositories/QuickSnap,6,6,1,1,0,0
471,duncanje/android-open-wifi-network-remover,https://github.com/duncanje/android-open-wifi-network-remover,repositories/android-open-wifi-network-remover,114,1,0,0,0,0
472,acl33/AndroidDasher,https://github.com/acl33/AndroidDasher,repositories/AndroidDasher,329,18,7,1,1,0
473,MirakelX/mirakel-android,https://github.com/MirakelX/mirakel-android,repositories/mirakel-android,3722,45,27,7,13,10
474,sukso96100/SidePanel,https://github.com/sukso96100/SidePanel,repositories/SidePanel,66,29,11,14,3,0
475,paulmach/Text-Edit-for-Android,https://github.com/paulmach/Text-Edit-for-Android,repositories/Text-Edit-for-Android,10,1,5,1,0,0
476,jamienicol/episodes,https://github.com/jamienicol/episodes,repositories/episodes,264,2,2,0,3,0
477,velazcod/Tinfoil-Facebook,https://github.com/velazcod/Tinfoil-Facebook,repositories/Tinfoil-Facebook,308,2,0,0,0,0
478,moparisthebest/AppBak,https://github.com/moparisthebest/AppBak,repositories/AppBak,2,1,2,1,0,0
479,lllllT/AtmosphereLogger,https://github.com/lllllT/AtmosphereLogger,repositories/AtmosphereLogger,65,1,1,0,1,0
480,guardianproject/cacert,https://github.com/guardianproject/cacert,repositories/cacert,74,1,0,0,0,0
481,Smerty/ham.android,https://github.com/Smerty/ham.android,repositories/ham.android,87,1,2,0,5,0
482,abcdjdj/RootVerifier-APP,https://github.com/abcdjdj/RootVerifier-APP,repositories/RootVerifier-APP,94,0,0,0,0,0
483,sheimi/SGit,https://github.com/sheimi/SGit,repositories/SGit,401,6,0,0,0,0
484,vmihalachi/turbo-editor,https://github.com/vmihalachi/turbo-editor,repositories/turbo-editor,80,7,2,2,1,0
485,j4velin/WiFi-Auto-Off,https://github.com/j4velin/WiFi-Auto-Off,repositories/WiFi-Auto-Off,246,1,3,0,0,2
486,hmrocha/wifiwidget,https://github.com/hmrocha/wifiwidget,repositories/wifiwidget,3,0,0,0,0,0
487,Chluverman/android-gltron,https://github.com/Chluverman/android-gltron,repositories/android-gltron,15,4,3,0,0,0
488,niparasc/papanikolis-submarine,https://github.com/niparasc/papanikolis-submarine,repositories/papanikolis-submarine,12,5,2,0,6,0
489,TomTasche/OpenDocument.droid,https://github.com/TomTasche/OpenDocument.droid,repositories/OpenDocument.droid,251,5,3,0,2,0
490,balesz/android-WebSearch,https://github.com/balesz/android-WebSearch,repositories/android-WebSearch,134,1,0,0,0,0
491,guardianproject/Gibberbot,https://github.com/guardianproject/Gibberbot,repositories/Gibberbot,2909,45,36,9,8,3
492,mateusz-szafraniec/NFCTagmaker,https://github.com/mateusz-szafraniec/NFCTagmaker,repositories/NFCTagmaker,55,1,1,0,0,0
493,Anasthase/TintBrowser,https://github.com/Anasthase/TintBrowser,repositories/TintBrowser,242,18,11,1,0,0
494,rorist/Cowsay-android,https://github.com/rorist/Cowsay-android,repositories/Cowsay-android,158,0,0,0,0,0
495,F0x06/EddyMalou,https://github.com/F0x06/EddyMalou,repositories/EddyMalou,6,0,1,0,0,0
496,gsingh93/hacker-live-wallpaper,https://github.com/gsingh93/hacker-live-wallpaper,repositories/hacker-live-wallpaper,87,4,0,0,0,0
497,schildbach/bitcoin-wallet,https://github.com/schildbach/bitcoin-wallet,repositories/bitcoin-wallet,3216,18,8,1,12,0
498,notriddle/budget-envelopes,https://github.com/notriddle/budget-envelopes,repositories/budget-envelopes,195,8,1,0,1,1
499,mancio/Volume-Control,https://github.com/mancio/Volume-Control,repositories/Volume-Control,3,0,1,0,0,0
500,shakalaca/BeautyClockLiveWallpaper,https://github.com/shakalaca/BeautyClockLiveWallpaper,repositories/BeautyClockLiveWallpaper,98,4,0,0,0,0
501,umanx/DashNotifier,https://github.com/umanx/DashNotifier,repositories/DashNotifier,18,1,4,0,2,0
502,AChep/JellyBeanClock,https://github.com/AChep/JellyBeanClock,repositories/JellyBeanClock,10,0,0,0,0,0
503,msal/muzei-nationalgeographic,https://github.com/msal/muzei-nationalgeographic,repositories/muzei-nationalgeographic,53,0,0,0,5,0
504,rjmarsan/Pixelesque,https://github.com/rjmarsan/Pixelesque,repositories/Pixelesque,31,3,1,0,3,0
505,hsaito/hstempo_android,https://github.com/hsaito/hstempo_android,repositories/hstempo_android,46,0,0,0,0,0
506,dschuermann/document-viewer,https://github.com/dschuermann/document-viewer,repositories/document-viewer,1752,47,19,3,17,1
507,dschuermann/standalone-calendar,https://github.com/dschuermann/standalone-calendar,repositories/standalone-calendar,5400,31,38,11,5,7
508,StanLivitski/n-puzzle,https://github.com/StanLivitski/n-puzzle,repositories/n-puzzle,7,5,0,0,2,0
509,onyxbits/TextFiction,https://github.com/onyxbits/TextFiction,repositories/TextFiction,124,8,5,1,4,0
510,AnimaSA/Atarashii,https://github.com/AnimaSA/Atarashii,repositories/Atarashii,2325,14,4,1,4,0
511,loadrunner/Facebook-Contact-Sync,https://github.com/loadrunner/Facebook-Contact-Sync,repositories/Facebook-Contact-Sync,154,4,2,1,0,0
512,kromonos/Mustard-Mod,https://github.com/kromonos/Mustard-Mod,repositories/Mustard-Mod,59,8,5,3,15,1
513,MohammadAG/android-file-beam,https://github.com/MohammadAG/android-file-beam,repositories/android-file-beam,5,1,0,0,0,0
514,scar45/aokp-co-webviewer,https://github.com/scar45/aokp-co-webviewer,repositories/aokp-co-webviewer,20,0,0,0,0,0
515,hmrocha/batterywidget,https://github.com/hmrocha/batterywidget,repositories/batterywidget,31,0,0,0,0,0
516,zaren678/Hdhomerun-signal-meter,https://github.com/zaren678/Hdhomerun-signal-meter,repositories/Hdhomerun-signal-meter,41,2,1,0,0,0
517,mborjesson/LG-Optimus-2X-Black-Notifications,https://github.com/mborjesson/LG-Optimus-2X-Black-Notifications,repositories/LG-Optimus-2X-Black-Notifications,69,2,6,2,0,0
518,Mobiperf/MobiPerf,https://github.com/Mobiperf/MobiPerf,repositories/MobiPerf,814,5,7,2,6,1
519,SpazeDog/mounts2sd,https://github.com/SpazeDog/mounts2sd,repositories/mounts2sd,128,4,6,0,0,0
520,felixb/otpdroid,https://github.com/felixb/otpdroid,repositories/otpdroid,54,1,1,0,0,0
521,mvglasow/satstat,https://github.com/mvglasow/satstat,repositories/satstat,526,8,5,0,11,1
522,cprados/wifimatic-android,https://github.com/cprados/wifimatic-android,repositories/wifimatic-android,20,4,1,1,0,0
523,mendhak/gpslogger,https://github.com/mendhak/gpslogger,repositories/gpslogger,1429,8,7,3,2,4
524,NightWhistler/PageTurner,https://github.com/NightWhistler/PageTurner,repositories/PageTurner,1262,14,5,3,13,0
525,HoloAddict/FeedEx,https://github.com/HoloAddict/FeedEx,repositories/FeedEx,1305,1,1,0,0,0
526,Kent1/Manille,https://github.com/Kent1/Manille,repositories/Manille,101,0,1,0,2,0
527,felixb/smsdroid,https://github.com/felixb/smsdroid,repositories/smsdroid,844,2,5,0,0,0
528,ushahidi/SMSSync,https://github.com/ushahidi/SMSSync,repositories/SMSSync,1816,31,1,0,14,2
529,wrr/speech_trainer,https://github.com/wrr/speech_trainer,repositories/speech_trainer,31,4,0,0,1,0
530,cr5315/countdown-for-dashclock,https://github.com/cr5315/countdown-for-dashclock,repositories/countdown-for-dashclock,12,1,0,0,0,0
531,dozingcat/CamTimer,https://github.com/dozingcat/CamTimer,repositories/CamTimer,18,4,0,0,0,0
532,dsoulayrol/android-sholi,https://github.com/dsoulayrol/android-sholi,repositories/android-sholi,67,1,0,0,1,0
533,edsonduarte1990/reminders,https://github.com/edsonduarte1990/reminders,repositories/reminders,102,0,0,0,1,0
534,dpadgett/Timer,https://github.com/dpadgett/Timer,repositories/Timer,189,2,3,1,1,0
535,chrispbailey/ToDo-List-Widget,https://github.com/chrispbailey/ToDo-List-Widget,repositories/ToDo-List-Widget,134,2,2,0,0,0
536,brosmike/AirPush-Detector,https://github.com/brosmike/AirPush-Detector,repositories/AirPush-Detector,26,1,0,0,0,0
537,tasermonkey/android-passwordmaker,https://github.com/tasermonkey/android-passwordmaker,repositories/android-passwordmaker,37,5,2,0,1,0
538,tstein/AndroSS,https://github.com/tstein/AndroSS,repositories/AndroSS,159,1,3,0,0,0
539,janosgyerik/bluetoothviewer,https://github.com/janosgyerik/bluetoothviewer,repositories/bluetoothviewer,232,1,0,0,0,0
540,wanleung/ChangjieIME,https://github.com/wanleung/ChangjieIME,repositories/ChangjieIME,14,1,0,0,0,0
541,easytiger/dotty,https://github.com/easytiger/dotty,repositories/dotty,2,0,0,0,1,0
542,project-voodoo/ota-rootkeeper-app,https://github.com/project-voodoo/ota-rootkeeper-app,repositories/ota-rootkeeper-app,57,0,0,0,0,0
543,jerickson314/sdscanner,https://github.com/jerickson314/sdscanner,repositories/sdscanner,39,2,0,0,0,0
544,alt236/USB-Device-Info---Android,https://github.com/alt236/USB-Device-Info---Android,repositories/USB-Device-Info---Android,68,1,0,0,1,0
545,onyxbits/geobookmark,https://github.com/onyxbits/geobookmark,repositories/geobookmark,14,0,0,0,0,0
546,mdecorde/BAC76,https://github.com/mdecorde/BAC76,repositories/BAC76,16,1,0,0,0,0
547,trishika/DroidUPnP,https://github.com/trishika/DroidUPnP,repositories/DroidUPnP,225,6,2,1,3,0
548,intervigilium/MicDroid,https://github.com/intervigilium/MicDroid,repositories/MicDroid,77,2,0,0,0,0
549,mateuszbuda/ThermometerExtended2,https://github.com/mateuszbuda/ThermometerExtended2,repositories/ThermometerExtended2,50,2,0,0,1,0
550,xenris/liquid-wars-android,https://github.com/xenris/liquid-wars-android,repositories/liquid-wars-android,28,6,0,0,0,0
551,jfreax/OpenLaw,https://github.com/jfreax/OpenLaw,repositories/OpenLaw,333,2,2,1,4,0
552,DizzyThermal/Auto-Away,https://github.com/DizzyThermal/Auto-Away,repositories/Auto-Away,15,6,4,0,5,0
553,guardianproject/PixelKnot,https://github.com/guardianproject/PixelKnot,repositories/PixelKnot,160,2,1,1,1,1
554,awaken/sanity,https://github.com/awaken/sanity,repositories/sanity,45,19,1,0,0,0
555,NewProggie/SparkleShare-Android,https://github.com/NewProggie/SparkleShare-Android,repositories/SparkleShare-Android,201,1,0,0,1,0
556,johnnylambada/WorldMap,https://github.com/johnnylambada/WorldMap,repositories/WorldMap,115,1,0,0,0,0
557,banasiak/CoinFlip,https://github.com/banasiak/CoinFlip,repositories/CoinFlip,118,1,1,0,0,1
558,prismsw/Lampshade,https://github.com/prismsw/Lampshade,repositories/Lampshade,236,4,0,0,3,0
559,teamOSC/SubtleNews_Android_App,https://github.com/teamOSC/SubtleNews_Android_App,repositories/SubtleNews_Android_App,103,1,1,0,0,0
560,budowski/budoist,https://github.com/budowski/budoist,repositories/budoist,43,11,12,2,2,0
561,weisserd/LDAP-Sync,https://github.com/weisserd/LDAP-Sync,repositories/LDAP-Sync,111,0,0,0,2,0
562,teneighty/moss,https://github.com/teneighty/moss,repositories/moss,69,4,1,0,0,0
563,yankovskiy/SilentNight,https://github.com/yankovskiy/SilentNight,repositories/SilentNight,30,2,0,1,0,0
564,indrora/Atomic,https://github.com/indrora/Atomic,repositories/Atomic,1226,15,14,4,2,1
565,tobykurien/BatteryFu,https://github.com/tobykurien/BatteryFu,repositories/BatteryFu,79,3,3,0,0,0
566,jyio/botbrew-gui,https://github.com/jyio/botbrew-gui,repositories/botbrew-gui,135,4,1,0,4,0
567,felixb/clipboard-beam,https://github.com/felixb/clipboard-beam,repositories/clipboard-beam,8,0,0,0,0,0
568,blaztriglav/did-i,https://github.com/blaztriglav/did-i,repositories/did-i,80,0,1,0,2,0
569,palfrey/postcode,https://github.com/palfrey/postcode,repositories/postcode,94,0,0,0,0,0
570,pyload/pyload-android,https://github.com/pyload/pyload-android,repositories/pyload-android,108,176,15,9,3,2
571,Nutomic/control-dlna,https://github.com/Nutomic/control-dlna,repositories/control-dlna,175,4,0,0,1,0
572,emergentdotorg/shaman,https://github.com/emergentdotorg/shaman,repositories/shaman,37,14,1,1,4,0
573,cketti/DashClock_K-9,https://github.com/cketti/DashClock_K-9,repositories/DashClock_K-9,59,1,0,0,0,0
574,timvdalen/gizmooi,https://github.com/timvdalen/gizmooi,repositories/gizmooi,7,0,0,0,1,0
575,gggard/AndroidCaldavSyncAdapater,https://github.com/gggard/AndroidCaldavSyncAdapater,repositories/AndroidCaldavSyncAdapater,121,7,9,3,18,0
576,nfd/KeePassNFC,https://github.com/nfd/KeePassNFC,repositories/KeePassNFC,11,2,0,0,0,0
577,matburt/mobileorg-android,https://github.com/matburt/mobileorg-android,repositories/mobileorg-android,1271,7,3,0,0,0
578,losttime/cooper,https://github.com/losttime/cooper,repositories/cooper,52,3,0,0,2,0
579,miracle2k/android-autostarts,https://github.com/miracle2k/android-autostarts,repositories/android-autostarts,449,5,8,1,1,0
580,pires/android-obd-reader,https://github.com/pires/android-obd-reader,repositories/android-obd-reader,337,1,1,0,2,0
581,rmtheis/android-ocr,https://github.com/rmtheis/android-ocr,repositories/android-ocr,115,2,4,1,2,1
582,adrian-bl/APN-Switch,https://github.com/adrian-bl/APN-Switch,repositories/APN-Switch,12,1,0,0,0,0
583,flyingrub/SpeedMeter,https://github.com/flyingrub/SpeedMeter,repositories/SpeedMeter,95,1,1,0,0,0
584,mariotaku/twidere.extension.twitlonger,https://github.com/mariotaku/twidere.extension.twitlonger,repositories/twidere.extension.twitlonger,8,1,0,0,1,0
585,Zanshinmu/Wifi-Fixer,https://github.com/Zanshinmu/Wifi-Fixer,repositories/Wifi-Fixer,1264,8,0,1,2,0
586,freezy/android-xbmcremote,https://github.com/freezy/android-xbmcremote,repositories/android-xbmcremote,946,72,12,8,4,4
587,btmura/rbb,https://github.com/btmura/rbb,repositories/rbb,2347,40,3,2,5,5
588,MarcDufresne/BetterWeather,https://github.com/MarcDufresne/BetterWeather,repositories/BetterWeather,124,4,3,0,1,0
589,indication/OpenRedmine,https://github.com/indication/OpenRedmine,repositories/OpenRedmine,1321,24,4,0,14,0
590,MaTachi/geometri-destroyer,https://github.com/MaTachi/geometri-destroyer,repositories/geometri-destroyer,23,4,1,0,1,0
591,awilliams/fish,https://github.com/awilliams/fish,repositories/fish,3,0,0,0,0,0
592,nathanpc/Build.prop-Editor,https://github.com/nathanpc/Build.prop-Editor,repositories/Build.prop-Editor,15,1,0,0,0,0
593,Nilhcem/hosts-editor-android,https://github.com/Nilhcem/hosts-editor-android,repositories/hosts-editor-android,135,2,0,0,0,0
594,elek/osmgpxuploader,https://github.com/elek/osmgpxuploader,repositories/osmgpxuploader,34,0,1,0,3,0
595,ShowMeHills/ShowMeHills,https://github.com/ShowMeHills/ShowMeHills,repositories/ShowMeHills,74,3,2,1,0,0
596,prrt714/Kaleidoscope,https://github.com/prrt714/Kaleidoscope,repositories/Kaleidoscope,25,3,1,0,0,0
597,logomancer/dashquotes-civ5,https://github.com/logomancer/dashquotes-civ5,repositories/dashquotes-civ5,22,0,0,0,0,0
598,onyxbits/Drudgery,https://github.com/onyxbits/Drudgery,repositories/Drudgery,15,1,0,0,2,0
599,amiga/sonorox,https://github.com/amiga/sonorox,repositories/sonorox,4,5,4,3,0,0
600,jurihock/voicesmith,https://github.com/jurihock/voicesmith,repositories/voicesmith,158,3,1,0,1,0
601,markusfisch/WaveLinesWallpaper,https://github.com/markusfisch/WaveLinesWallpaper,repositories/WaveLinesWallpaper,47,4,1,0,0,0
602,voidcode/Diaspora-Webclient,https://github.com/voidcode/Diaspora-Webclient,repositories/Diaspora-Webclient,63,0,1,0,0,0
603,sweetiepiggy/Every-Locale,https://github.com/sweetiepiggy/Every-Locale,repositories/Every-Locale,53,0,0,0,0,0
604,codebutler/farebot,https://github.com/codebutler/farebot,repositories/farebot,242,9,6,1,2,1
605,guardianproject/gnupg-for-android,https://github.com/guardianproject/gnupg-for-android,repositories/gnupg-for-android,782,10,1,0,1,0
606,atd/HandyNotes,https://github.com/atd/HandyNotes,repositories/HandyNotes,32,0,0,0,0,0
607,guardianproject/lildebi,https://github.com/guardianproject/lildebi,repositories/lildebi,578,2,1,0,0,0
608,nadam/nfc-reader,https://github.com/nadam/nfc-reader,repositories/nfc-reader,44,1,0,0,0,0
609,xenotropic/quizzn,https://github.com/xenotropic/quizzn,repositories/quizzn,4,0,1,0,0,0
610,chaosbastler/opentraining,https://github.com/chaosbastler/opentraining,repositories/opentraining,503,5,8,0,4,0
611,telecapoland/jamendo-android,https://github.com/telecapoland/jamendo-android,repositories/jamendo-android,150,7,2,0,8,0
612,thasmin/Podax,https://github.com/thasmin/Podax,repositories/Podax,885,11,7,1,4,0
613,clementine-player/Android-Remote,https://github.com/clementine-player/Android-Remote,repositories/Android-Remote,748,85,15,9,1,0
614,danielegobbetti/ICSImport,https://github.com/danielegobbetti/ICSImport,repositories/ICSImport,14,0,0,0,0,0
615,ajaapps/flightmode,https://github.com/ajaapps/flightmode,repositories/flightmode,12,1,0,0,0,0
616,cglapa/rights-alert,https://github.com/cglapa/rights-alert,repositories/rights-alert,40,0,0,0,1,0
617,zaki50/MemoPad,https://github.com/zaki50/MemoPad,repositories/MemoPad,61,3,2,0,0,0
618,rtyley/agit,https://github.com/rtyley/agit,repositories/agit,894,11,1,0,0,0
619,baolongnt/EmailPopup,https://github.com/baolongnt/EmailPopup,repositories/EmailPopup,75,0,3,0,0,0
620,opentelecoms-org/lumicall,https://github.com/opentelecoms-org/lumicall,repositories/lumicall,905,20,18,1,4,3
621,lablogga/DIYgenomics_Android,https://github.com/lablogga/DIYgenomics_Android,repositories/DIYgenomics_Android,21,1,0,0,0,0
622,Kaljurand/Diktofon,https://github.com/Kaljurand/Diktofon,repositories/Diktofon,54,5,0,0,0,0
623,SASAbus/SASAbus,https://github.com/SASAbus/SASAbus,repositories/SASAbus,689,9,9,0,22,2
624,guardianproject/notecipher,https://github.com/guardianproject/notecipher,repositories/notecipher,190,3,0,0,0,0
625,anthonydahanne/ReGalAndroid,https://github.com/anthonydahanne/ReGalAndroid,repositories/ReGalAndroid,251,6,3,0,11,2
626,threedliteguy/urforms,https://github.com/threedliteguy/urforms,repositories/urforms,4,1,4,0,3,0
627,nolanlawson/ChordReaderRoot,https://github.com/nolanlawson/ChordReaderRoot,repositories/ChordReaderRoot,84,2,1,1,4,0
628,boombuler/piraten_map_app,https://github.com/boombuler/piraten_map_app,repositories/piraten_map_app,60,78,8,16,0,0
629,soft-studio/NFC_DriversLicenseReader,https://github.com/soft-studio/NFC_DriversLicenseReader,repositories/NFC_DriversLicenseReader,5,2,43,6,3,14
630,moparisthebest/PagePlusBalance,https://github.com/moparisthebest/PagePlusBalance,repositories/PagePlusBalance,8,0,1,0,0,0
631,tom-and-jerry/eyeCam,https://github.com/tom-and-jerry/eyeCam,repositories/eyeCam,131,1,0,0,0,0
632,NightlyNexus/Color-Clock,https://github.com/NightlyNexus/Color-Clock,repositories/Color-Clock,16,0,0,0,0,0
633,ajlyon/zandy,https://github.com/ajlyon/zandy,repositories/zandy,314,6,16,2,2,0
634,nicolas-raoul/OxygenGuide-Android,https://github.com/nicolas-raoul/OxygenGuide-Android,repositories/OxygenGuide-Android,23,0,0,0,0,0
635,pettarin/epub3reader,https://github.com/pettarin/epub3reader,repositories/epub3reader,51,3,2,0,0,0
636,Xlythe/HexGame_Android,https://github.com/Xlythe/HexGame_Android,repositories/HexGame_Android,366,6,1,0,4,0
637,talklittle/reddit-is-fun,https://github.com/talklittle/reddit-is-fun,repositories/reddit-is-fun,773,11,7,3,6,0
638,wallabag/android-app,https://github.com/wallabag/android-app,repositories/android-app,1215,13,10,1,8,2
639,oschina/android-app,https://github.com/oschina/android-app,repositories/android-app,1215,13,10,1,8,2
640,mconf/sipdroid,https://github.com/mconf/sipdroid,repositories/sipdroid,290,36,16,2,1,4
641,sagemath/android,https://github.com/sagemath/android,repositories/android,11789,66,25,10,9,6
642,owncloud/android,https://github.com/owncloud/android,repositories/android,11789,66,25,10,9,6
643,justin66/MyTracks,https://github.com/justin66/MyTracks,repositories/MyTracks,2758,52,7,2,11,2
644,github/android,https://github.com/github/android,repositories/android,11789,66,25,10,9,6
645,cyclestreets/android,https://github.com/cyclestreets/android,repositories/android,11789,66,25,10,9,6
646,felixb/websms,https://github.com/felixb/websms,repositories/websms,1651,4,5,1,2,0
647,osmdroid/osmdroid,https://github.com/osmdroid/osmdroid,repositories/osmdroid,2805,40,26,1,17,4
648,skhang/appsorganizer,https://github.com/skhang/appsorganizer,repositories/appsorganizer,172,27,0,0,7,0
