,name,link,loc,count_files,dc,lc,lm,lpl,tmm,smells,commits
0,hidroh/materialistic,https://github.com/hidroh/materialistic,24325,219.0,4,0,1,0,39,44,1716
1,gsantner/memetastic,https://github.com/gsantner/memetastic,7321,45.0,8,0,1,0,9,18,230
2,fenimore/DemocracyDroid,https://github.com/fenimore/DemocracyDroid,2337,29.0,2,0,0,0,1,3,425
3,ctodobom/OpenNoteScanner,https://github.com/ctodobom/OpenNoteScanner,3610,24.0,3,2,5,0,3,13,203
4,HugoGresse/Anecdote,https://github.com/HugoGresse/Anecdote,5464,88.0,3,0,0,0,4,7,308
5,greenaddress/abcore,https://github.com/greenaddress/abcore,1863,19.0,0,0,1,0,0,1,230
6,mkulesh/microMathematics,https://github.com/mkulesh/microMathematics,46005,228.0,9,8,24,1,35,77,495
7,vijai1996/screenrecorder,https://github.com/vijai1996/screenrecorder,4497,31.0,1,0,1,0,6,8,191
8,gsantner/markor,https://github.com/gsantner/markor,12186,101.0,3,0,7,4,18,32,865
9,SecUSo/privacy-friendly-pedometer,https://github.com/SecUSo/privacy-friendly-pedometer,7480,58.0,9,0,6,0,8,23,259
10,philliphsu/ClockPlus,https://github.com/philliphsu/ClockPlus,7143,100.0,0,0,1,0,14,15,485
11,Sparker0i/Weather,https://github.com/Sparker0i/Weather,4436,44.0,4,0,2,0,3,9,676
12,ScreamingHawk/android-slideshow,https://github.com/ScreamingHawk/android-slideshow,1728,16.0,2,0,1,0,1,4,323
13,openintents/notepad,https://github.com/openintents/notepad,5674,37.0,0,2,7,0,3,12,165
14,jtmcn/archwiki-viewer,https://github.com/jtmcn/archwiki-viewer,960,18.0,1,0,0,0,0,1,94
15,kwantam/batsHIIT,https://github.com/kwantam/batsHIIT,516,3.0,0,0,1,0,1,2,17
16,commons-app/apps-android-commons,https://github.com/commons-app/apps-android-commons,22603,248.0,16,1,5,3,27,52,4299
17,Cj-Malone/Screens,https://github.com/Cj-Malone/Screens,788,14.0,0,0,1,0,0,1,99
18,MarcelJurtz/MTG_LifeCounter,https://github.com/MarcelJurtz/MTG_LifeCounter,1340,20.0,0,0,1,0,3,4,184
19,OpenArchive/openarchive,https://github.com/OpenArchive/openarchive,4799,38.0,2,0,3,0,3,8,315
20,erickok/transdroid,https://github.com/erickok/transdroid,24890,260.0,12,2,26,3,23,66,606
21,kollerlukas/Camera-Roll-Android-App,https://github.com/kollerlukas/Camera-Roll-Android-App,17437,107.0,3,2,10,0,13,28,400
22,T-Rex96/Easy_xkcd,https://github.com/T-Rex96/Easy_xkcd,8855,48.0,0,1,4,0,4,9,718
23,TobiasBielefeld/Simple-Brick-Games,https://github.com/TobiasBielefeld/Simple-Brick-Games,5610,38.0,0,1,5,0,4,10,51
24,TheTorProject/ooniprobe-android,https://github.com/TheTorProject/ooniprobe-android,4695,80.0,4,0,0,1,0,5,959
25,MCMrARM/revolution-irc,https://github.com/MCMrARM/revolution-irc,25698,197.0,1,0,5,1,22,29,771
26,andOTP/andOTP,https://github.com/andOTP/andOTP,5995,43.0,0,0,7,0,4,11,670
27,qqq3/inventum,https://github.com/qqq3/inventum,5392,64.0,0,0,0,0,5,5,36
28,HenriDellal/emerald,https://github.com/HenriDellal/emerald,4908,41.0,2,0,1,0,3,6,125
29,tengusw/share_to_clipboard,https://github.com/tengusw/share_to_clipboard,392,6.0,0,0,0,0,0,0,132
30,arnef/bewegungsmelder-android,https://github.com/arnef/bewegungsmelder-android,1835,18.0,4,0,1,0,1,6,41
31,SecUSo/privacy-friendly-dice-game,https://github.com/SecUSo/privacy-friendly-dice-game,562,13.0,0,0,1,0,0,1,111
32,itds-consulting/android-silent-ping-sms,https://github.com/itds-consulting/android-silent-ping-sms,521,4.0,0,0,0,0,1,1,26
33,gilbsgilbs/freemobilenetstat,https://github.com/gilbsgilbs/freemobilenetstat,5346,60.0,1,0,9,0,4,14,1726
34,BiglySoftware/BiglyBT-Android,https://github.com/BiglySoftware/BiglyBT-Android,48589,292.0,8,12,40,0,45,105,1061
35,btimofeev/UniPatcher,https://github.com/btimofeev/UniPatcher,4059,45.0,2,0,1,0,2,5,177
36,Andre1299/TUI-ConsoleLauncher,https://github.com/Andre1299/TUI-ConsoleLauncher,24122,145.0,6,9,28,4,17,64,153
37,adolfintel/chromiumUpdater,https://github.com/adolfintel/chromiumUpdater,966,10.0,0,0,1,0,0,1,45
38,termux/termux-app,https://github.com/termux/termux-app,8965,48.0,0,1,17,3,13,34,506
39,tananaev/rootless-logcat,https://github.com/tananaev/rootless-logcat,893,12.0,0,0,0,0,0,0,76
40,sergstetsuk/CosyDVR,https://github.com/sergstetsuk/CosyDVR,1134,4.0,0,0,2,0,1,3,115
41,caarmen/network-monitor,https://github.com/caarmen/network-monitor,9041,110.0,0,0,1,1,6,8,956
42,termux/termux-styling,https://github.com/termux/termux-styling,199,1.0,0,0,0,0,0,0,95
43,TheUberCatman/crates-io-android,https://github.com/TheUberCatman/crates-io-android,2899,36.0,1,0,1,0,0,2,34
44,j4velin/Pedometer,https://github.com/j4velin/Pedometer,2178,23.0,0,0,2,0,5,7,474
45,micolous/metrodroid,https://github.com/micolous/metrodroid,32945,346.0,4,1,20,0,10,35,1795
46,wbrenna/GTFSOffline,https://github.com/wbrenna/GTFSOffline,2540,14.0,0,0,7,0,0,7,78
47,caarmen/nounours-android,https://github.com/caarmen/nounours-android,3872,56.0,0,0,0,1,3,4,401
48,Etar-Group/Etar-Calendar,https://github.com/Etar-Group/Etar-Calendar,36262,116.0,5,11,42,7,32,97,5641
49,SteamGifts/SteamGifts,https://github.com/SteamGifts/SteamGifts,13082,160.0,13,0,3,1,11,28,611
50,AnaelMobilia/NextINpact-Unofficial,https://github.com/AnaelMobilia/NextINpact-Unofficial,4965,37.0,3,1,10,0,2,16,1002
51,scoute-dich/HHSMoodle,https://github.com/scoute-dich/HHSMoodle,1722,10.0,0,0,6,0,1,7,174
52,joonatoona/OpenShift,https://github.com/joonatoona/OpenShift,117,3.0,0,0,0,0,0,0,16
53,maks/MGit,https://github.com/maks/MGit,9203,104.0,0,0,0,0,6,6,698
54,meoblast001/thugaim,https://github.com/meoblast001/thugaim,2079,24.0,0,0,0,0,3,3,119
55,Tortel/SysLog,https://github.com/Tortel/SysLog,7577,51.0,3,2,12,4,6,27,239
56,pR0Ps/LocationShare,https://github.com/pR0Ps/LocationShare,305,2.0,0,0,0,0,1,1,52
57,dftec-es/planetcon,https://github.com/dftec-es/planetcon,7064,26.0,0,2,4,1,6,13,11
58,saschpe/BirthdayCalendar,https://github.com/saschpe/BirthdayCalendar,2197,25.0,1,0,2,0,1,4,213
59,EvanRespaut/Equate,https://github.com/EvanRespaut/Equate,6580,47.0,0,1,4,0,7,12,395
60,alaskalinuxuser/app_hourglass,https://github.com/alaskalinuxuser/app_hourglass,351,5.0,0,0,1,0,1,2,16
61,Neamar/KISS,https://github.com/Neamar/KISS,8927,105.0,3,0,3,0,6,12,2994
62,qqq3/good-weather,https://github.com/qqq3/good-weather,4410,41.0,1,0,0,0,1,2,749
63,TripSit/tripmobile,https://github.com/TripSit/tripmobile,1989,35.0,1,0,0,0,4,5,324
64,y20k/transistor,https://github.com/y20k/transistor,4921,34.0,1,2,1,1,5,10,846
65,geecko86/QuickLyric,https://github.com/geecko86/QuickLyric,13160,100.0,2,1,12,0,8,23,979
66,richsmith/sexytopo,https://github.com/richsmith/sexytopo,10337,134.0,0,1,0,0,13,14,270
67,icechen1/Notable,https://github.com/icechen1/Notable,1668,15.0,3,0,1,0,2,6,27
68,quaap/SeafoodBerserker,https://github.com/quaap/SeafoodBerserker,1621,11.0,0,0,1,0,3,4,122
69,Gittner/OSMBugs,https://github.com/Gittner/OSMBugs,5858,59.0,0,0,3,1,1,5,274
70,oliexdev/openScale,https://github.com/oliexdev/openScale,14715,120.0,3,0,5,0,12,20,1429
71,termux/termux-widget,https://github.com/termux/termux-widget,304,4.0,0,0,0,0,0,0,42
72,guardianproject/ripple,https://github.com/guardianproject/ripple,792,9.0,0,0,0,0,0,0,100
73,termux/termux-float,https://github.com/termux/termux-float,604,6.0,0,0,0,0,2,2,17
74,capitoledulibre/cdl-companion-android,https://github.com/capitoledulibre/cdl-companion-android,8400,86.0,6,0,3,0,6,15,358
75,gjedeer/mylocation,https://github.com/gjedeer/mylocation,857,7.0,0,0,0,0,1,1,45
76,SecUSo/privacy-friendly-shopping-list,https://github.com/SecUSo/privacy-friendly-shopping-list,10440,139.0,21,0,3,0,4,28,404
77,vanilla-music/vanilla-music-cover-fetch,https://github.com/vanilla-music/vanilla-music-cover-fetch,571,4.0,0,0,0,0,1,1,36
78,scoute-dich/K9-MailClient,https://github.com/scoute-dich/K9-MailClient,88069,554.0,12,21,51,2,114,200,53
79,veniosg/Dir,https://github.com/veniosg/Dir,10523,122.0,1,0,0,0,13,14,821
80,greenaddress/GreenBits,https://github.com/greenaddress/GreenBits,180407,602.0,21,69,78,5,387,560,1966
81,flyve-mdm/android-inventory-agent/,https://github.com/flyve-mdm/android-inventory-agent/,4165,78.0,3,0,0,0,0,3,822
82,marunjar/anewjkuapp,https://github.com/marunjar/anewjkuapp,16987,143.0,9,1,10,3,13,36,983
83,anselm94/Torchie-Android,https://github.com/anselm94/Torchie-Android,3408,58.0,0,0,0,1,6,7,135
84,WangDaYeeeeee/Mysplash,https://github.com/WangDaYeeeeee/Mysplash,44888,458.0,24,2,2,0,63,91,185
85,DecentralizedAmateurPagingNetwork/DAPNETApp,https://github.com/DecentralizedAmateurPagingNetwork/DAPNETApp,3021,30.0,8,0,0,0,3,11,216
86,butzist/ActivityLauncher,https://github.com/butzist/ActivityLauncher,1207,18.0,0,0,0,0,0,0,60
87,francescosoave/TIS_android,https://github.com/francescosoave/TIS_android,326,7.0,0,0,0,0,0,0,16
88,tranquvis/SimpleSmsRemote,https://github.com/tranquvis/SimpleSmsRemote,6797,148.0,7,0,2,0,5,14,257
89,RyuzakiKK/NoteCrypt,https://github.com/RyuzakiKK/NoteCrypt,2369,24.0,0,0,1,0,2,3,96
90,h42i/d00r-app,https://github.com/h42i/d00r-app,765,11.0,2,0,0,0,0,2,8
91,westnordost/StreetComplete,https://github.com/westnordost/StreetComplete,32609,437.0,7,0,0,3,37,47,1562
92,linuxtage/glt-companion,https://github.com/linuxtage/glt-companion,8775,84.0,6,0,3,0,6,15,374
93,gentlecat/Simple-Counter/,https://github.com/gentlecat/Simple-Counter/,954,8.0,0,0,0,0,3,3,210
94,thuryn/your-local-weather,https://github.com/thuryn/your-local-weather,17080,103.0,7,2,11,6,9,35,3853
95,abrensch/brouter,https://github.com/abrensch/brouter,26919,220.0,1,2,30,0,19,52,357
96,reloZid/android-anuto,https://github.com/reloZid/android-anuto,11105,148.0,0,0,0,0,15,15,828
97,VREMSoftwareDevelopment/WifiAnalyzer,https://github.com/VREMSoftwareDevelopment/WifiAnalyzer,17247,275.0,1,0,1,0,22,24,1283
98,domogik/domodroid,https://github.com/domogik/domodroid,23131,115.0,10,7,44,6,10,77,2022
99,mikifus/padland,https://github.com/mikifus/padland,4519,41.0,0,0,1,0,5,6,202
100,Sensirion/SmartGadget-Android,https://github.com/Sensirion/SmartGadget-Android,8403,86.0,1,0,0,0,12,13,151
101,TobiasBielefeld/Simple-Solitaire,https://github.com/TobiasBielefeld/Simple-Solitaire,14768,110.0,0,2,6,0,28,36,866
102,kaputnikGo/LittleSirEcho,https://github.com/kaputnikGo/LittleSirEcho,433,3.0,0,0,0,0,1,1,10
103,meefik/busybox,https://github.com/meefik/busybox,1058,9.0,0,0,0,0,0,0,112
104,SufficientlySecure/calendar-import-export,https://github.com/SufficientlySecure/calendar-import-export,2686,13.0,0,1,3,0,3,7,296
105,vanilla-music/vanilla-music-tag-editor,https://github.com/vanilla-music/vanilla-music-tag-editor,638,4.0,0,0,1,0,0,1,52
106,openintents/shoppinglist,https://github.com/openintents/shoppinglist,10955,72.0,1,4,16,0,8,29,493
107,rootkiwi/an2linuxclient,https://github.com/rootkiwi/an2linuxclient,5262,60.0,1,0,4,0,2,7,61
108,janoliver/pOT-Droid,https://github.com/janoliver/pOT-Droid,13234,84.0,5,1,10,0,14,30,582
109,shlusiak/Freebloks-Android,https://github.com/shlusiak/Freebloks-Android,11691,102.0,3,2,10,1,11,27,1006
110,rdoeffinger/Dictionary,https://github.com/rdoeffinger/Dictionary,5104,27.0,0,1,6,0,3,10,640
111,brarcher/rental-calc,https://github.com/brarcher/rental-calc,6581,42.0,0,0,14,0,8,22,175
112,vitas/beaconloc,https://github.com/vitas/beaconloc,5811,70.0,3,0,1,0,9,13,90
113,dimtion/Shaarlier,https://github.com/dimtion/Shaarlier,2021,17.0,4,0,0,0,0,4,150
114,hypeapps/Endoscope,https://github.com/hypeapps/Endoscope,8201,82.0,0,0,4,0,13,17,106
115,quaap/PhoneFoneFun,https://github.com/quaap/PhoneFoneFun,345,3.0,0,0,0,0,1,1,29
116,ccrama/Slide,https://github.com/ccrama/Slide,77350,345.0,9,13,178,5,40,245,3694
117,afollestad/nock-nock,https://github.com/afollestad/nock-nock,0,1.0,0,0,0,0,0,0,104
118,raphaelm/c3nav-android/,https://github.com/raphaelm/c3nav-android/,705,2.0,0,0,1,0,1,2,135
119,nerzhul/ownCloud-SMS-App,https://github.com/nerzhul/ownCloud-SMS-App,2870,43.0,0,0,0,0,1,1,578
120,aragaer/jtt_android,https://github.com/aragaer/jtt_android,3667,73.0,0,0,0,0,0,0,574
121,openfoodfacts/openfoodfacts-androidapp,https://github.com/openfoodfacts/openfoodfacts-androidapp,22608,204.0,27,2,19,2,17,67,5103
122,vector-im/riot-android,https://github.com/vector-im/riot-android,47821,187.0,3,18,72,1,37,131,6334
123,ScreamingHawk/fate-sheets,https://github.com/ScreamingHawk/fate-sheets,2186,38.0,7,0,0,0,0,7,155
124,termux/termux-tasker,https://github.com/termux/termux-tasker,709,11.0,0,0,0,0,0,0,22
125,mikljohansson/retroboy,https://github.com/mikljohansson/retroboy,4959,56.0,1,1,2,0,3,7,189
126,vuze/vuze-remote-for-android,https://github.com/vuze/vuze-remote-for-android,41209,178.0,6,14,47,0,36,103,41
127,genonbeta/TrebleShot,https://github.com/genonbeta/TrebleShot,20667,148.0,9,1,15,1,18,44,922
128,ciubex/dscautorename,https://github.com/ciubex/dscautorename,7984,48.0,1,3,1,0,9,14,172
129,vanilla-music/vanilla-music-lyrics-search,https://github.com/vanilla-music/vanilla-music-lyrics-search,439,4.0,0,0,0,0,1,1,42
130,y20k/trackbook,https://github.com/y20k/trackbook,3422,22.0,0,0,1,2,4,7,229
131,stom79/mastalab,https://github.com/stom79/mastalab,27071,165.0,17,7,59,0,8,91,3786
132,quaap/BookyMcBookface,https://github.com/quaap/BookyMcBookface,3528,14.0,1,1,3,0,5,10,264
133,nextcloud/android,https://github.com/nextcloud/android,59053,407.0,8,10,25,6,67,116,11928
134,no-go/AnotherRSS,https://github.com/no-go/AnotherRSS,2632,19.0,0,0,3,0,0,3,42
135,axxapy/apkExtractor,https://github.com/axxapy/apkExtractor,546,4.0,0,0,0,0,0,0,53
136,rascarlo/AURdroid,https://github.com/rascarlo/AURdroid,1772,28.0,4,0,0,0,2,6,91
137,bpeel/prevo,https://github.com/bpeel/prevo,2701,23.0,0,0,1,0,2,3,206
138,scoute-dich/Weather,https://github.com/scoute-dich/Weather,3310,16.0,0,0,13,0,0,13,105
139,no-go/TextThing,https://github.com/no-go/TextThing,925,9.0,0,0,2,0,1,3,48
140,takke/DataStats,https://github.com/takke/DataStats,1662,17.0,1,0,2,0,3,6,118
141,trezor/trezor-android,https://github.com/trezor/trezor-android,82847,80.0,9,33,22,2,224,290,68
142,GunshipPenguin/open_flood,https://github.com/GunshipPenguin/open_flood,1123,13.0,0,0,0,0,1,1,138
143,cgogolin/library,https://github.com/cgogolin/library,2943,7.0,0,1,7,0,2,10,114
144,nilesr/United4,https://github.com/nilesr/United4,3854,42.0,0,0,1,0,3,4,229
145,TTTDevs/NextCloudBookmarksAndroid,https://github.com/TTTDevs/NextCloudBookmarksAndroid,127,2.0,0,0,0,0,0,0,16
146,tjg1/nori,https://github.com/tjg1/nori,6726,66.0,2,1,0,0,6,9,561
147,metinkale38/namaz-vakti-android,https://github.com/metinkale38/namaz-vakti-android,20839,136.0,2,3,18,0,17,40,375
148,SecUSo/privacy-friendly-memo-game,https://github.com/SecUSo/privacy-friendly-memo-game,2381,31.0,0,0,0,0,1,1,92
149,mo271/guessaday,https://github.com/mo271/guessaday,795,5.0,0,0,1,0,0,1,43
150,theScrabi/OCBookmarks,https://github.com/theScrabi/OCBookmarks,0,,0,0,0,0,0,0,76
151,souch/SMP,https://github.com/souch/SMP,3917,25.0,4,1,2,1,5,13,274
152,SecUSo/privacy-friendly-passwordgenerator,https://github.com/SecUSo/privacy-friendly-passwordgenerator,3664,36.0,1,0,4,1,1,7,281
153,theScrabi/Terminightor,https://github.com/theScrabi/Terminightor,0,,0,0,0,0,0,0,51
154,aario/killcamera,https://github.com/aario/killcamera,171,2.0,0,0,0,0,0,0,16
155,gateship-one/odyssey,https://github.com/gateship-one/odyssey,13927,134.0,1,2,4,0,17,24,1123
156,owncloud/android/,https://github.com/owncloud/android/,40585,261.0,3,6,26,0,46,81,7080
157,jatwigg/cmus-android-remote,https://github.com/jatwigg/cmus-android-remote,1217,18.0,0,0,0,0,0,0,45
158,proninyaroslav/libretorrent,https://github.com/proninyaroslav/libretorrent,0,,0,0,0,0,0,0,1
159,stefan-niedermann/nextcloud-notes,https://github.com/stefan-niedermann/nextcloud-notes,4469,48.0,2,0,0,0,5,7,502
160,chaosdorf/meteroid,https://github.com/chaosdorf/meteroid,2116,23.0,2,0,1,0,1,4,238
161,js-labs/ShellsMP,https://github.com/js-labs/ShellsMP,6182,23.0,1,1,7,2,3,14,43
162,SecUSo/privacy-friendly-sudoku,https://github.com/SecUSo/privacy-friendly-sudoku,6930,61.0,4,1,6,0,5,16,207
163,vackosar/search-based-launcher/,https://github.com/vackosar/search-based-launcher/,1804,38.0,1,0,0,0,2,3,255
164,brarcher/loyalty-card-locker,https://github.com/brarcher/loyalty-card-locker,3601,37.0,0,0,3,0,1,4,452
165,PowerInside/syncplayer,https://github.com/PowerInside/syncplayer,2040,17.0,0,0,3,0,3,6,42
166,httpdispatch/MissedNotificationsReminder,https://github.com/httpdispatch/MissedNotificationsReminder,7930,137.0,1,1,3,1,8,14,57
167,rignaneseleo/SlimSocial-for-Facebook,https://github.com/rignaneseleo/SlimSocial-for-Facebook,1848,10.0,0,1,1,0,4,6,173
168,xbmc/Kore,https://github.com/xbmc/Kore,34578,227.0,49,1,10,3,38,101,721
169,schnatterer/nusic,https://github.com/schnatterer/nusic,6029,80.0,3,0,0,3,4,10,680
170,tejado/Authorizer,https://github.com/tejado/Authorizer,29718,191.0,4,4,18,3,24,53,1340
171,CityZenApp/Android-Development,https://github.com/CityZenApp/Android-Development,7165,71.0,4,0,1,1,6,12,330
172,franciscofranco/Simple-Reboot-app,https://github.com/franciscofranco/Simple-Reboot-app,114,1.0,0,0,0,0,0,0,16
173,mosmetro-android/mosmetro-android,https://github.com/mosmetro-android/mosmetro-android,4490,46.0,0,0,5,0,3,8,1082
174,vishesh/sealnote,https://github.com/vishesh/sealnote,5526,48.0,0,0,1,0,4,5,337
175,openfoodfacts/openfoodfacts-androidapp,https://github.com/openfoodfacts/openfoodfacts-androidapp,22608,204.0,27,2,19,2,17,67,5103
176,jonan/ForkHub,https://github.com/jonan/ForkHub,22951,330.0,2,0,4,1,29,36,2849
177,biylda/WhereYouGo,https://github.com/biylda/WhereYouGo,11198,111.0,6,0,5,1,14,26,224
178,wizmer/syncorg,https://github.com/wizmer/syncorg,8642,80.0,0,0,3,0,8,11,1361
179,asnelt/derandom,https://github.com/asnelt/derandom,3320,12.0,0,1,1,1,4,7,14
180,manuelsc/Lunary-Ethereum-Wallet,https://github.com/manuelsc/Lunary-Ethereum-Wallet,7374,76.0,6,0,6,1,8,21,82
181,etesync/android,https://github.com/etesync/android,12563,103.0,1,0,4,0,6,11,1056
182,graham22/Classic,https://github.com/graham22/Classic,12649,146.0,5,0,3,0,16,24,120
183,VladThodo/behe-keyboard,https://github.com/VladThodo/behe-keyboard,1835,11.0,0,1,1,0,1,3,63
184,ndleyton/OneTwo,https://github.com/ndleyton/OneTwo,1840,16.0,1,0,1,0,2,4,62
185,alaskalinuxuser/app_justnotes,https://github.com/alaskalinuxuser/app_justnotes,913,6.0,0,0,5,0,0,5,16
186,42SK/TVKILL,https://github.com/42SK/TVKILL,497,9.0,0,0,0,0,1,1,96
187,lexica/lexica,https://github.com/lexica/lexica,5134,54.0,0,0,0,0,8,8,221
188,openintents/flashlight,https://github.com/openintents/flashlight,750,9.0,0,0,1,0,1,2,75
189,farmerbb/Taskbar,https://github.com/farmerbb/Taskbar,9658,92.0,3,2,16,0,5,26,742
190,citiususc/calendula,https://github.com/citiususc/calendula,26230,224.0,25,2,5,1,28,61,1383
191,no-go/ViboraFeed,https://github.com/no-go/ViboraFeed,1612,14.0,0,0,0,0,0,0,36
192,EXL/Snooder21,https://github.com/EXL/Snooder21,1465,8.0,0,1,1,0,2,4,53
193,jonasoreland/runnerup/,https://github.com/jonasoreland/runnerup/,34608,199.0,5,2,18,0,33,58,2561
194,microg/android_packages_apps_UnifiedNlp,https://github.com/microg/android_packages_apps_UnifiedNlp,2559,41.0,2,1,0,1,5,9,223
195,brarcher/gift-card-guard,https://github.com/brarcher/gift-card-guard,1521,14.0,0,0,1,0,1,2,121
196,Kestutis-Z/World-Weather,https://github.com/Kestutis-Z/World-Weather,8412,88.0,3,1,4,0,4,12,277
197,dkim0419/SoundRecorder,https://github.com/dkim0419/SoundRecorder,1194,14.0,0,0,0,0,1,1,80
198,seizonsenryaku/HayaiLauncher,https://github.com/seizonsenryaku/HayaiLauncher,1500,17.0,0,0,0,0,1,1,371
199,segler-alex/RadioDroid,https://github.com/segler-alex/RadioDroid,8830,76.0,3,0,2,0,11,16,632
200,fython/Blackbulb,https://github.com/fython/Blackbulb,5399,29.0,1,1,4,0,5,11,143
201,fossasia/open-event-android,https://github.com/fossasia/open-event-android,80,2.0,0,0,0,0,0,0,329
202,aravindsagar/ScreenShift,https://github.com/aravindsagar/ScreenShift,5116,38.0,0,1,0,0,7,8,35
203,openfoodfacts/openfoodfacts-androidapp,https://github.com/openfoodfacts/openfoodfacts-androidapp,22608,204.0,27,2,19,2,17,67,5103
204,milesmcc/LibreNews-Android,https://github.com/milesmcc/LibreNews-Android,796,10.0,1,0,1,0,0,2,52
205,CriticalMaps/criticalmaps-android,https://github.com/CriticalMaps/criticalmaps-android,3534,66.0,0,0,0,0,5,5,871
206,gsantner/kimai-android,https://github.com/gsantner/kimai-android,2238,15.0,1,0,0,0,3,4,101
207,theScrabi/OCBookmarks,https://github.com/theScrabi/OCBookmarks,0,,0,0,0,0,0,0,76
208,termux/termux-api,https://github.com/termux/termux-api,5025,38.0,0,0,8,0,0,8,192
209,scoute-dich/Sieben,https://github.com/scoute-dich/Sieben,9069,39.0,0,0,38,0,1,39,55
210,gstraube/cythara,https://github.com/gstraube/cythara,16465,157.0,3,2,27,2,7,41,270
211,markusfisch/ShaderEditor,https://github.com/markusfisch/ShaderEditor,8452,66.0,1,2,2,0,7,12,480
212,LukeStonehm/LogicalDefence,https://github.com/LukeStonehm/LogicalDefence,385,7.0,0,0,0,0,0,0,186
213,alijc/CricketsAlarm,https://github.com/alijc/CricketsAlarm,871,8.0,0,0,0,0,2,2,16
214,durka/HallMonitor,https://github.com/durka/HallMonitor,4209,31.0,0,2,1,0,5,8,225
215,erickok/transdroid,https://github.com/erickok/transdroid,24890,260.0,12,2,26,3,23,66,606
216,phunehehe/fooCam,https://github.com/phunehehe/fooCam,295,3.0,0,0,0,0,1,1,81
217,threedliteguy/UhLocationReportingService,https://github.com/threedliteguy/UhLocationReportingService,774,10.0,0,0,0,0,1,1,5
218,grote/BlitzMail,https://github.com/grote/BlitzMail,696,8.0,0,0,0,0,0,0,104
219,taky/effy,https://github.com/taky/effy,588,7.0,0,0,0,0,0,0,83
220,boztalay/PuppyFrame,https://github.com/boztalay/PuppyFrame,990,13.0,0,0,0,0,1,1,40
221,pejic/Summation,https://github.com/pejic/Summation,666,10.0,0,0,0,0,0,0,32
222,anupam1525/AcrylicPaint,https://github.com/anupam1525/AcrylicPaint,805,8.0,0,0,1,0,0,1,3
223,alt236/Android-Drawables---Android,https://github.com/alt236/Android-Drawables---Android,1901,17.0,0,2,0,0,1,3,44
224,headrevision/BehatReporter,https://github.com/headrevision/BehatReporter,2198,61.0,0,0,0,0,2,2,27
225,dynalogin/dynalogin-android,https://github.com/dynalogin/dynalogin-android,1528,8.0,0,1,1,0,1,3,6
226,mathbellev/StdAtmosphere,https://github.com/mathbellev/StdAtmosphere,5537,21.0,0,4,0,0,3,7,10
227,dnet/adsdroid,https://github.com/dnet/adsdroid,319,4.0,0,0,0,0,0,0,65
228,OEP/rainwave-android,https://github.com/OEP/rainwave-android,4959,35.0,1,1,4,0,4,10,319
229,jufickel/rdt,https://github.com/jufickel/rdt,239,2.0,0,0,0,0,1,1,10
230,yuttadhammo/E-Tipitaka-for-Android,https://github.com/yuttadhammo/E-Tipitaka-for-Android,7704,34.0,4,2,10,1,9,26,95
231,cbeyls/fosdem-companion-android,https://github.com/cbeyls/fosdem-companion-android,7910,78.0,6,0,3,0,5,14,352
232,Smerty/zooborns.android,https://github.com/Smerty/zooborns.android,1360,14.0,2,0,1,0,0,3,92
233,billthefarmer/tuner,https://github.com/billthefarmer/tuner,2824,20.0,0,1,4,0,1,6,210
234,hgdev-ch/toposuite-android,https://github.com/hgdev-ch/toposuite-android,25474,204.0,39,0,13,9,30,91,2031
235,AndlyticsProject/andlytics,https://github.com/AndlyticsProject/andlytics,17079,130.0,13,1,12,1,15,42,1522
236,devonjones/PathfinderOpenReference,https://github.com/devonjones/PathfinderOpenReference,12758,164.0,11,0,1,1,8,21,249
237,cmykola/Lexin,https://github.com/cmykola/Lexin,6982,39.0,0,1,10,1,7,19,58
238,ZorgeR/nanoConverter,https://github.com/ZorgeR/nanoConverter,2305,6.0,0,1,2,0,1,4,29
239,ValleZ/Paper-Wallet,https://github.com/ValleZ/Paper-Wallet,9354,48.0,3,4,14,1,9,31,224
240,ojacquemart/vlilleChecker,https://github.com/ojacquemart/vlilleChecker,4262,74.0,1,0,0,0,7,8,380
241,gwhiteside/abstract-art,https://github.com/gwhiteside/abstract-art,4376,27.0,0,0,3,0,2,5,166
242,yhcting/netmbuddy,https://github.com/yhcting/netmbuddy,15634,76.0,2,4,2,0,17,25,472
243,arifhn/nstools,https://github.com/arifhn/nstools,2958,29.0,3,0,1,0,2,6,175
244,koelleChristian/trickytripper,https://github.com/koelleChristian/trickytripper,20293,237.0,18,2,11,1,24,56,287
245,mjdenham/and-bible,https://github.com/mjdenham/and-bible,27295,389.0,7,0,2,0,25,34,3406
246,rafi-kamal/Bangla-Dictionary,https://github.com/rafi-kamal/Bangla-Dictionary,551,9.0,1,0,0,0,0,1,36
247,vx/connectbot,https://github.com/vx/connectbot,35004,239.0,17,9,38,2,28,94,739
248,irssiconnectbot/irssiconnectbot,https://github.com/irssiconnectbot/irssiconnectbot,33190,230.0,17,7,36,2,27,89,586
249,concentricsky/android-viewer-for-khan-academy,https://github.com/concentricsky/android-viewer-for-khan-academy,9206,54.0,11,1,7,0,12,31,4
250,chemicalappspace/Isotopes,https://github.com/chemicalappspace/Isotopes,103,2.0,0,0,0,0,0,0,21
251,xgouchet/Ted,https://github.com/xgouchet/Ted,2300,24.0,0,0,0,0,2,2,42
252,DocSalvi/LinuxDayAppAndroid,https://github.com/DocSalvi/LinuxDayAppAndroid,1962,18.0,1,0,0,0,2,3,40
253,yourealwaysbe/teacup,https://github.com/yourealwaysbe/teacup,2524,10.0,1,1,0,1,4,7,121
254,QuantumBadger/RedReader,https://github.com/QuantumBadger/RedReader,31268,258.0,6,2,53,6,30,97,1263
255,klassm/andFHEM,https://github.com/klassm/andFHEM,12480,280.0,6,0,1,0,6,13,2724
256,ultramega/elementary,https://github.com/ultramega/elementary,5800,24.0,0,2,0,1,1,4,502
257,slapperwan/gh4a,https://github.com/slapperwan/gh4a,31151,222.0,4,0,9,10,50,73,2604
258,romario333/opensudoku,https://github.com/romario333/opensudoku,6079,54.0,0,0,4,0,10,14,241
259,qii/weiciyuan,https://github.com/qii/weiciyuan,57907,519.0,36,5,24,3,55,123,3128
260,czlee/debatekeeper,https://github.com/czlee/debatekeeper,5867,38.0,0,1,3,0,5,9,622
261,mick88/filemanager,https://github.com/mick88/filemanager,3167,30.0,0,0,0,0,3,3,226
262,ginkel/hashit,https://github.com/ginkel/hashit,1388,18.0,0,0,1,0,2,3,117
263,bpellin/keepassdroid,https://github.com/bpellin/keepassdroid,17391,245.0,2,2,6,0,19,29,1041
264,LittleFox94/PGPAuth,https://github.com/LittleFox94/PGPAuth,826,11.0,0,0,0,0,0,0,79
265,maxfierke/sandwichroulette,https://github.com/maxfierke/sandwichroulette,1288,12.0,2,0,0,0,1,3,6
266,j4velin/SystemAppMover,https://github.com/j4velin/SystemAppMover,675,5.0,0,0,3,0,0,3,67
267,andybotting/tramhunter,https://github.com/andybotting/tramhunter,5686,42.0,6,0,2,0,2,10,288
268,danieloeh/AntennaPod,https://github.com/danieloeh/AntennaPod,47743,366.0,16,7,15,7,60,105,4616
269,aarddict/android,https://github.com/aarddict/android,4087,37.0,1,1,1,0,6,9,319
270,nephoapp/anarxiv,https://github.com/nephoapp/anarxiv,2139,12.0,0,0,2,0,2,4,54
271,geometer/FBReaderJ,https://github.com/geometer/FBReaderJ,70853,804.0,11,7,32,8,64,122,9034
272,Pansanel/cetoolbox,https://github.com/Pansanel/cetoolbox,2422,10.0,1,0,5,0,0,6,40
273,feelinglucky/Presentation,https://github.com/feelinglucky/Presentation,1392,18.0,0,0,0,0,0,0,33
274,open-keychain/open-keychain,https://github.com/open-keychain/open-keychain,70610,579.0,6,9,48,2,68,133,7102
275,ankidroid/Anki-Android,https://github.com/ankidroid/Anki-Android,47620,271.0,12,7,24,0,46,89,8945
276,fivasim/Antikythera-Simulation,https://github.com/fivasim/Antikythera-Simulation,2255,17.0,0,0,3,0,0,3,3
277,Tyde/TuCanMobile,https://github.com/Tyde/TuCanMobile,6785,75.0,1,0,2,1,0,4,316
278,dennischen/daily-money,https://github.com/dennischen/daily-money,9321,73.0,9,0,5,1,16,31,176
279,hwki/SimpleBitcoinWidget,https://github.com/hwki/SimpleBitcoinWidget,2503,23.0,0,0,0,0,0,0,129
280,zikalify/BMI_Calculator,https://github.com/zikalify/BMI_Calculator,93,1.0,0,0,0,0,0,0,28
281,roelb/Simple-C25K,https://github.com/roelb/Simple-C25K,1349,10.0,0,0,3,0,2,5,45
282,yuttadhammo/BodhiTimer,https://github.com/yuttadhammo/BodhiTimer,3202,16.0,0,1,5,0,1,7,9
283,yanchenko/droidparts-battery-widget,https://github.com/yanchenko/droidparts-battery-widget,552,5.0,0,0,0,0,0,0,11
284,lordi/tickmate,https://github.com/lordi/tickmate,4922,45.0,1,0,3,0,4,8,399
285,dougkeen/BartRunnerAndroid,https://github.com/dougkeen/BartRunnerAndroid,6124,51.0,6,0,3,0,6,15,209
286,ybonnel/TransportsRennes,https://github.com/ybonnel/TransportsRennes,23551,312.0,15,0,11,0,8,34,1307
287,danielme-com/Muspy-for-Android,https://github.com/danielme-com/Muspy-for-Android,6486,81.0,14,0,0,2,4,20,82
288,zagaberoo/diode,https://github.com/zagaberoo/diode,13487,67.0,9,3,11,1,12,36,972
289,monakhv/samlib-Info,https://github.com/monakhv/samlib-Info,19081,183.0,12,2,5,0,22,41,738
290,jagossel/MovingPolygons,https://github.com/jagossel/MovingPolygons,886,24.0,0,0,0,0,1,1,80
291,plusonelabs/calendar-widget,https://github.com/plusonelabs/calendar-widget,4643,49.0,0,0,0,0,5,5,415
292,alterechtschreibung/MonthCalendarWidget2FOSS,https://github.com/alterechtschreibung/MonthCalendarWidget2FOSS,2035,16.0,0,0,3,1,2,6,9
293,illarionov/RtkGps,https://github.com/illarionov/RtkGps,10434,77.0,0,0,4,5,8,17,75
294,asksven/BetterBatteryStats,https://github.com/asksven/BetterBatteryStats,22686,167.0,2,4,40,10,7,63,230
295,bvalosek/cpuspy,https://github.com/bvalosek/cpuspy,389,3.0,0,0,0,0,1,1,73
296,sanbeg/flashlight,https://github.com/sanbeg/flashlight,284,4.0,0,0,0,0,0,0,32
297,intrications/intent-intercept,https://github.com/intrications/intent-intercept,778,8.0,0,0,0,0,1,1,138
298,mozilla/MozStumbler,https://github.com/mozilla/MozStumbler,23907,281.0,2,1,4,1,19,27,2698
299,domoritz/open-mensa-android,https://github.com/domoritz/open-mensa-android,2020,29.0,0,0,0,0,1,1,170
300,OpenWatch/OpenWatch-Android,https://github.com/OpenWatch/OpenWatch-Android,12265,68.0,1,1,8,0,14,24,438
301,cybro/PalmCalc,https://github.com/cybro/PalmCalc,30627,153.0,2,10,16,0,38,66,9
302,xargsgrep/PortKnocker,https://github.com/xargsgrep/PortKnocker,3665,42.0,5,0,0,0,2,7,175
303,DamienOReilly/PrepayCredit,https://github.com/DamienOReilly/PrepayCredit,2863,54.0,1,0,1,0,1,3,49
304,wolpi/prim-ftpd,https://github.com/wolpi/prim-ftpd,10477,122.0,4,1,4,2,10,21,577
305,lpar/RPN,https://github.com/lpar/RPN,1012,8.0,0,0,0,0,2,2,37
306,mportuesisf/ScreenInfo,https://github.com/mportuesisf/ScreenInfo,562,2.0,0,0,0,0,2,2,54
307,gokhanmoral/STweaks,https://github.com/gokhanmoral/STweaks,1084,11.0,0,0,1,0,1,2,8
308,Vilbrekin/tinc_gui,https://github.com/Vilbrekin/tinc_gui,1118,11.0,0,0,0,0,2,2,81
309,adrian/upm-android,https://github.com/adrian/upm-android,4384,38.0,5,1,3,0,2,11,132
310,mafrosis/Wake-On-Lan,https://github.com/mafrosis/Wake-On-Lan,1089,11.0,1,0,0,0,1,2,129
311,MiCode/FileExplorer,https://github.com/MiCode/FileExplorer,8281,80.0,2,1,3,0,9,15,53
312,ambrice/timesheet,https://github.com/ambrice/timesheet,1764,10.0,0,0,1,0,2,3,45
313,daryldy/Heart,https://github.com/daryldy/Heart,1244,14.0,0,0,0,0,2,2,106
314,onyxbits/pocketbandit,https://github.com/onyxbits/pocketbandit,1669,19.0,0,0,1,0,1,2,81
315,thialfihar/apg,https://github.com/thialfihar/apg,41564,273.0,6,5,46,0,27,84,4367
316,cernekee/ics-openconnect,https://github.com/cernekee/ics-openconnect,9525,79.0,3,1,1,0,9,14,1004
317,raphaelm/opacclient,https://github.com/raphaelm/opacclient,37119,181.0,21,11,51,0,37,120,3845
318,cgeo/c-geo-opensource,https://github.com/cgeo/c-geo-opensource,79450,778.0,11,14,35,6,75,141,11237
319,inguin/moneybalance,https://github.com/inguin/moneybalance,2859,23.0,2,0,1,0,4,7,72
320,mannd/epmobile,https://github.com/mannd/epmobile,9759,99.0,0,0,1,2,10,13,702
321,phw/PicardBarcodeScanner,https://github.com/phw/PicardBarcodeScanner,891,14.0,1,0,0,0,1,2,44
322,manmal/hn-android,https://github.com/manmal/hn-android,4037,55.0,0,0,1,0,3,4,306
323,ParanoidAndroid/android_packages_apps_ParanoidWallpapers,https://github.com/ParanoidAndroid/android_packages_apps_ParanoidWallpapers,289,2.0,0,0,0,0,0,0,35
324,romannurik/muzei,https://github.com/romannurik/muzei,4359,17.0,1,1,5,0,8,15,1891
325,MohammadAdib/RoundR,https://github.com/MohammadAdib/RoundR,1941,16.0,1,1,1,0,1,4,45
326,eleybourn/Book-Catalogue,https://github.com/eleybourn/Book-Catalogue,41599,242.0,3,11,35,0,36,85,1330
327,ebraminio/DroidPersianCalendar,https://github.com/ebraminio/DroidPersianCalendar,11289,118.0,2,2,7,2,9,22,2051
328,azapps/mirakel-dashclock,https://github.com/azapps/mirakel-dashclock,532,4.0,0,1,1,0,0,2,51
329,dmfs/tasks,https://github.com/dmfs/tasks,28412,344.0,4,2,14,0,21,41,734
330,mobilepearls/com.mobilepearls.sokoban,https://github.com/mobilepearls/com.mobilepearls.sokoban,9816,6.0,0,1,0,0,0,1,14
331,SimonMarquis/Android-PreferencesManager,https://github.com/SimonMarquis/Android-PreferencesManager,4235,32.0,0,0,0,0,9,9,196
332,jackpal/Android-Terminal-Emulator,https://github.com/jackpal/Android-Terminal-Emulator,11508,68.0,1,3,14,4,12,34,1038
333,AnySoftKeyboard/AnySoftKeyboard,https://github.com/AnySoftKeyboard/AnySoftKeyboard,42835,385.0,1,2,12,13,55,83,4311
334,asksven/BetterWifiOnOff,https://github.com/asksven/BetterWifiOnOff,4799,45.0,1,0,7,0,0,8,286
335,adrian-bl/bl-battstatus-android,https://github.com/adrian-bl/bl-battstatus-android,478,5.0,0,0,0,0,1,1,117
336,nolanlawson/Catlog,https://github.com/nolanlawson/Catlog,5667,55.0,4,1,1,0,6,12,347
337,uberspot/DebianDroid,https://github.com/uberspot/DebianDroid,3701,40.0,2,0,0,0,1,3,153
338,f2prateek/Device-Frame-Generator,https://github.com/f2prateek/Device-Frame-Generator,3442,58.0,0,0,1,2,5,8,396
339,kibab/encpasschanger,https://github.com/kibab/encpasschanger,313,8.0,0,0,0,0,0,0,11
340,namsor/gendreapp,https://github.com/namsor/gendreapp,4833,20.0,6,3,4,0,2,15,38
341,nolanlawson/KeepScore,https://github.com/nolanlawson/KeepScore,10879,85.0,7,2,2,2,11,24,520
342,msemm/Keypad-Mapper-3,https://github.com/msemm/Keypad-Mapper-3,32522,162.0,11,13,19,1,36,80,5
343,hauckwill/linconnect-client,https://github.com/hauckwill/linconnect-client,819,6.0,0,0,2,0,0,2,17
344,onyxbits/listmyaps,https://github.com/onyxbits/listmyaps,1240,15.0,2,0,1,0,1,4,112
345,dschuermann/ntp-sync,https://github.com/dschuermann/ntp-sync,8173,98.0,5,0,5,0,10,20,124
346,eolwral/OSMonitor,https://github.com/eolwral/OSMonitor,7845,55.0,0,2,7,4,27,40,353
347,jberkel/sms-backup-plus,https://github.com/jberkel/sms-backup-plus,11152,143.0,3,0,0,2,18,23,1715
348,momodalo/vimtouch,https://github.com/momodalo/vimtouch,10218,87.0,0,4,7,3,11,25,363
349,Yubico/yubioath-android,https://github.com/Yubico/yubioath-android,0,1.0,0,0,0,0,0,0,357
350,jarofgreen/Just-A-Damn-Compass,https://github.com/jarofgreen/Just-A-Damn-Compass,123,3.0,0,0,0,0,0,0,6
351,nguillaumin/osmtracker-android,https://github.com/nguillaumin/osmtracker-android,7093,65.0,0,0,4,0,6,10,432
352,Shahul3D/IndiaSatelliteWeather,https://github.com/Shahul3D/IndiaSatelliteWeather,5170,30.0,2,3,4,0,4,13,215
353,iFixit/iFixitAndroid,https://github.com/iFixit/iFixitAndroid,21037,194.0,6,1,5,0,22,34,2630
354,grote/Liberario,https://github.com/grote/Liberario,4551,71.0,2,0,0,1,5,8,1142
355,daj/flashback,https://github.com/daj/flashback,634,3.0,0,0,3,0,1,4,19
356,k9mail/k-9,https://github.com/k9mail/k-9,90124,635.0,14,16,41,6,134,211,8283
357,joanpuigsanz/servdroid,https://github.com/joanpuigsanz/servdroid,5154,66.0,0,0,3,0,9,12,70
358,ubergeek42/weechat-android,https://github.com/ubergeek42/weechat-android,9689,109.0,2,0,1,0,19,22,893
359,TKJElectronics/BalanduinoAndroidApp,https://github.com/TKJElectronics/BalanduinoAndroidApp,2743,16.0,1,0,4,0,1,6,376
360,withad/Mandelbrot-Maps-on-Android,https://github.com/withad/Mandelbrot-Maps-on-Android,1887,16.0,1,0,0,1,2,4,352
361,nolanlawson/JapaneseNameConverterRoot,https://github.com/nolanlawson/JapaneseNameConverterRoot,4504,50.0,5,0,3,0,3,11,9
362,ShaneQful/Jupiter-Broadcasting-Android-App,https://github.com/ShaneQful/Jupiter-Broadcasting-Android-App,369,5.0,0,0,0,0,0,0,42
363,veken0m/bitcoinium,https://github.com/veken0m/bitcoinium,8514,82.0,15,0,6,1,6,28,518
364,codinguser/gnucash-android,https://github.com/codinguser/gnucash-android,27708,188.0,1,3,11,0,30,45,1728
365,mtotschnig/MyExpenses,https://github.com/mtotschnig/MyExpenses,68807,541.0,10,6,33,1,73,123,7030
366,bagilevi/android-pedometer,https://github.com/bagilevi/android-pedometer,1672,18.0,0,0,0,0,3,3,68
367,ghackett/AppAlarm,https://github.com/ghackett/AppAlarm,4189,22.0,0,1,1,0,3,5,8
368,ralphleon/TeaTimer,https://github.com/ralphleon/TeaTimer,993,10.0,0,0,0,0,1,1,71
369,wdkapps/FillUp,https://github.com/wdkapps/FillUp,6385,58.0,2,0,0,0,5,7,15
370,nikclayton/android-squeezer,https://github.com/nikclayton/android-squeezer,20551,192.0,13,3,10,0,25,51,1412
371,MiCode/SoundRecorder,https://github.com/MiCode/SoundRecorder,1889,8.0,0,1,1,0,3,5,4
372,daneren2005/Subsonic,https://github.com/daneren2005/Subsonic,37942,238.0,22,8,22,1,30,83,3847
373,billthefarmer/accordion,https://github.com/billthefarmer/accordion,923,4.0,0,1,0,0,1,2,96
374,micwallace/reddinator,https://github.com/micwallace/reddinator,13051,61.0,1,2,11,0,12,26,357
375,ghisguth/blurred-lines-live,https://github.com/ghisguth/blurred-lines-live,1815,11.0,0,0,1,0,3,4,19
376,PuZZleDucK/Orbital-Live-Wallpaper,https://github.com/PuZZleDucK/Orbital-Live-Wallpaper,652,8.0,0,0,1,0,1,2,100
377,netmackan/ATimeTracker,https://github.com/netmackan/ATimeTracker,2668,10.0,0,1,1,0,4,6,166
378,dschuermann/birthday-adapter,https://github.com/dschuermann/birthday-adapter,2288,30.0,1,0,2,0,1,4,244
379,maxpower47/PinDroid,https://github.com/maxpower47/PinDroid,7680,92.0,5,0,0,1,8,14,941
380,tinkerlog/PongTime,https://github.com/tinkerlog/PongTime,513,2.0,0,0,0,0,1,1,9
381,sismics/reader,https://github.com/sismics/reader,17780,253.0,36,0,10,2,6,54,689
382,onyxbits/remotekeyboard,https://github.com/onyxbits/remotekeyboard,5371,67.0,3,1,5,0,9,18,93
383,chibibi/simpleDeadlines,https://github.com/chibibi/simpleDeadlines,0,,0,0,1,0,0,1,191
384,uberspot/2048-android,https://github.com/uberspot/2048-android,127,1.0,0,0,0,0,0,0,81
385,scoutant/blokish,https://github.com/scoutant/blokish,2343,22.0,0,0,0,0,5,5,100
386,tsapree/L9Droid,https://github.com/tsapree/L9Droid,7102,19.0,1,3,9,2,5,20,317
387,ukanth/afwall,https://github.com/ukanth/afwall,20960,121.0,6,4,25,0,15,50,1485
388,yuriykulikov/AlarmClock,https://github.com/yuriykulikov/AlarmClock,5121,65.0,1,0,1,0,6,8,1622
389,ilijamt/android-adbm,https://github.com/ilijamt/android-adbm,3292,34.0,1,2,2,0,4,9,143
390,phw/Android-PwdHash,https://github.com/phw/Android-PwdHash,791,13.0,0,0,0,0,1,1,147
391,Sash0k/bluetooth-spp-terminal,https://github.com/Sash0k/bluetooth-spp-terminal,1109,9.0,1,0,0,0,1,2,32
392,felixb/callmeter,https://github.com/felixb/callmeter,13670,51.0,0,5,17,0,6,28,2289
393,kaytdek/ColorNamer,https://github.com/kaytdek/ColorNamer,1547,14.0,0,0,0,0,2,2,47
394,MiCode/Compass,https://github.com/MiCode/Compass,333,2.0,0,0,0,0,0,0,4
395,dschuermann/faster-gps,https://github.com/dschuermann/faster-gps,1838,24.0,0,0,1,0,4,5,105
396,jakebasile/hearing-saver,https://github.com/jakebasile/hearing-saver,536,6.0,0,0,1,0,0,1,76
397,ikarus23/MifareClassicTool,https://github.com/ikarus23/MifareClassicTool,6044,24.0,0,3,8,0,6,17,645
398,fixme-lausanne/MyHackerspace,https://github.com/fixme-lausanne/MyHackerspace,2092,12.0,0,0,3,0,1,4,407
399,hrk/no-frills-cpu-classic,https://github.com/hrk/no-frills-cpu-classic,1997,14.0,0,0,2,0,0,2,38
400,lkorth/screen-notifications,https://github.com/lkorth/screen-notifications,2475,28.0,2,0,0,0,3,5,242
401,project-voodoo/simple_carrieriq_detector_app,https://github.com/project-voodoo/simple_carrieriq_detector_app,503,3.0,0,0,0,0,1,1,48
402,robert7k/sipswitch,https://github.com/robert7k/sipswitch,242,1.0,0,0,0,0,0,0,73
403,tananaev/traccar-client-android,https://github.com/tananaev/traccar-client-android,1398,21.0,1,0,0,0,2,3,334
404,Softcatala/TraductorSoftcatalaAndroid,https://github.com/Softcatala/TraductorSoftcatalaAndroid,1315,22.0,0,0,0,0,3,3,127
405,pilot51/voicenotify,https://github.com/pilot51/voicenotify,2085,12.0,0,0,1,0,1,2,189
406,rahulaga/WorldClock,https://github.com/rahulaga/WorldClock,1436,9.0,0,0,0,0,0,0,30
407,restorer/Gloomy-Dungeons-3D,https://github.com/restorer/Gloomy-Dungeons-3D,10136,58.0,4,3,16,1,10,34,55
408,vocollapse/Blockinger,https://github.com/vocollapse/Blockinger,4064,35.0,1,0,3,0,5,9,75
409,uberspot/AnagramSolver,https://github.com/uberspot/AnagramSolver,745,4.0,0,0,0,0,0,0,50
410,geometer/FBReaderJ-plugin-local-opds-scanner,https://github.com/geometer/FBReaderJ-plugin-local-opds-scanner,1162,12.0,1,0,0,0,1,2,13
411,szym/barnacle,https://github.com/szym/barnacle,1746,10.0,0,0,1,0,2,3,7
412,rigid/Birthdroid,https://github.com/rigid/Birthdroid,792,6.0,0,0,2,0,0,2,63
413,anthonycr/Lightning-Browser,https://github.com/anthonycr/Lightning-Browser,5037,25.0,2,1,3,0,6,12,1874
414,guardianproject/orweb,https://github.com/guardianproject/orweb,4169,27.0,1,2,3,0,2,8,157
415,firetech/PactrackDroid,https://github.com/firetech/PactrackDroid,2507,21.0,0,0,1,0,3,4,187
416,redsolution/xabber-android,https://github.com/redsolution/xabber-android,56609,519.0,46,5,21,21,57,150,3392
417,TCA-Team/TumCampusApp,https://github.com/TCA-Team/TumCampusApp,13769,155.0,1,0,1,0,16,18,2516
418,ge0rg/gamemasterdice,https://github.com/ge0rg/gamemasterdice,777,8.0,0,0,0,0,1,1,58
419,Xlythe/MinecraftClock,https://github.com/Xlythe/MinecraftClock,484,10.0,0,0,0,0,1,1,8
420,GiorgioRegni/Binaural-Beats,https://github.com/GiorgioRegni/Binaural-Beats,4922,48.0,2,1,3,3,3,12,119
421,mehmetakiftutuncu/eshotroid,https://github.com/mehmetakiftutuncu/eshotroid,1865,40.0,2,0,0,0,1,3,21
422,osmandapp/Osmand,https://github.com/osmandapp/Osmand,297259,992.0,95,99,194,31,387,806,52365
423,jpeddicord/speedofsound,https://github.com/jpeddicord/speedofsound,0,1.0,0,0,0,0,0,0,232
424,adrian-bl/vanilla,https://github.com/adrian-bl/vanilla,0,,0,0,0,0,0,0,2
425,JesusFreke/Penroser,https://github.com/JesusFreke/Penroser,4344,34.0,1,0,1,0,1,3,147
426,jruesga/PhotoPhase,https://github.com/jruesga/PhotoPhase,18717,138.0,1,2,6,0,11,20,557
427,vomitcuddle/nori,https://github.com/vomitcuddle/nori,6726,66.0,2,1,0,0,6,9,561
428,BrandroidTools/OpenExplorer,https://github.com/BrandroidTools/OpenExplorer,130565,930.0,27,28,120,3,133,311,1669
429,sudowars/sudowars,https://github.com/sudowars/sudowars,9575,125.0,3,0,6,0,12,21,120
430,andstatus/andstatus,https://github.com/andstatus/andstatus,58478,498.0,4,3,11,1,67,86,2109
431,wordpress-mobile/WordPress-Android,https://github.com/wordpress-mobile/WordPress-Android,119000,705.0,2,17,44,3,157,223,33320
432,YerayAlonso/LligaIntermunicipal,https://github.com/YerayAlonso/LligaIntermunicipal,741,11.0,2,0,0,1,1,4,11
433,jecelyin/920-Text-Editor,https://github.com/jecelyin/920-Text-Editor,22225,86.0,2,7,30,16,14,69,20
434,nexes/Android-File-Manager,https://github.com/nexes/Android-File-Manager,2691,12.0,0,0,6,0,3,9,100
435,fmetzger/android-sensorium,https://github.com/fmetzger/android-sensorium,3916,47.0,2,0,2,0,1,5,218
436,ksksue/Android-USB-Serial-Monitor-Lite,https://github.com/ksksue/Android-USB-Serial-Monitor-Lite,1075,5.0,0,0,2,0,1,3,50
437,litrik/be.norio.randomapp,https://github.com/litrik/be.norio.randomapp,200,3.0,0,0,0,0,0,0,6
438,tillwoerner/BrightnessWidget,https://github.com/tillwoerner/BrightnessWidget,1366,13.0,0,0,1,0,1,2,17
439,jochem88/clean-calculator,https://github.com/jochem88/clean-calculator,1501,6.0,0,0,4,0,1,5,22
440,pejic/EasyDice,https://github.com/pejic/EasyDice,1593,19.0,0,0,0,0,3,3,131
441,herrlado/GeorgianFonts,https://github.com/herrlado/GeorgianFonts,771,5.0,0,0,0,0,2,2,28
442,borneq/HereGPSLocation,https://github.com/borneq/HereGPSLocation,143,1.0,0,0,0,0,0,0,24
443,mtotschnig/SendWithFtp,https://github.com/mtotschnig/SendWithFtp,794,4.0,0,0,0,0,1,1,74
444,onyxbits/sensorreadout,https://github.com/onyxbits/sensorreadout,6009,56.0,0,1,2,6,3,12,92
445,Buttink/sick-stache,https://github.com/Buttink/sick-stache,5777,100.0,4,0,2,0,5,11,101
446,koush/Superuser,https://github.com/koush/Superuser,2820,24.0,0,0,3,0,1,4,653
447,wiglenet/wigle-wifi-wardriving,https://github.com/wiglenet/wigle-wifi-wardriving,25399,185.0,8,3,19,3,32,65,1427
448,sozialhelden/wheelmap-android,https://github.com/sozialhelden/wheelmap-android,24887,290.0,20,1,10,1,23,55,2008
449,MazeChaZer/WoT-Tank-Quiz,https://github.com/MazeChaZer/WoT-Tank-Quiz,543,6.0,0,0,1,0,0,1,61
450,john-tornblom/TVHGuide,https://github.com/john-tornblom/TVHGuide,4404,31.0,0,0,1,0,6,7,364
451,dozingcat/Vector-Pinball,https://github.com/dozingcat/Vector-Pinball,5071,42.0,2,0,0,0,13,15,127
452,geometer/FBReaderJ-plugin-tts,https://github.com/geometer/FBReaderJ-plugin-tts,1170,10.0,1,0,0,0,2,3,49
453,gregko/TtsPlus-FBReader,https://github.com/gregko/TtsPlus-FBReader,4143,27.0,0,1,2,0,4,7,137
454,robotmedia/droid-comic-viewer,https://github.com/robotmedia/droid-comic-viewer,16195,149.0,20,4,15,0,13,52,75
455,softgearko/MultiPing-for-Android,https://github.com/softgearko/MultiPing-for-Android,460,1.0,0,0,0,0,1,1,16
456,Anasthase/TintBrowserAdblockAddon,https://github.com/Anasthase/TintBrowserAdblockAddon,486,5.0,0,0,0,0,2,2,22
457,pocmo/Yaaic,https://github.com/pocmo/Yaaic,8222,96.0,5,2,4,0,8,19,1066
458,ge0rg/yaxim,https://github.com/ge0rg/yaxim,9568,56.0,3,2,8,2,11,26,1271
459,liato/android-bankdroid,https://github.com/liato/android-bankdroid,17264,194.0,11,1,4,2,7,25,1325
460,niteshpatel/ministocks,https://github.com/niteshpatel/ministocks,5079,63.0,3,0,2,0,7,12,253
461,mboesling/HydroMemo,https://github.com/mboesling/HydroMemo,486,11.0,0,0,0,0,0,0,13
462,zxing/zxing,https://github.com/zxing/zxing,43721,501.0,18,0,20,9,27,74,3485
463,bherrmann7/Car-Cast,https://github.com/bherrmann7/Car-Cast,8760,74.0,3,3,6,0,9,21,274
464,billthefarmer/melodeon,https://github.com/billthefarmer/melodeon,739,4.0,0,0,0,0,1,1,64
465,tobykurien/GoogleNews,https://github.com/tobykurien/GoogleNews,547,7.0,0,0,0,0,0,0,90
466,SimonMarquis/Android-SecretCodes,https://github.com/SimonMarquis/Android-SecretCodes,524,9.0,0,0,0,0,0,0,75
467,marin-liovic/Fast-Brightness-Control-Widget,https://github.com/marin-liovic/Fast-Brightness-Control-Widget,247,8.0,1,0,0,0,0,1,14
468,lllllT/MultiPictureLiveWallpaper,https://github.com/lllllT/MultiPictureLiveWallpaper,7327,33.0,3,1,14,1,5,24,250
469,dozingcat/AsciiCam,https://github.com/dozingcat/AsciiCam,2597,22.0,2,0,1,4,3,10,54
470,lightbox/QuickSnap,https://github.com/lightbox/QuickSnap,9236,77.0,0,1,1,0,6,8,6
471,duncanje/android-open-wifi-network-remover,https://github.com/duncanje/android-open-wifi-network-remover,481,8.0,0,0,0,0,1,1,114
472,acl33/AndroidDasher,https://github.com/acl33/AndroidDasher,8342,86.0,1,1,7,0,18,27,329
473,MirakelX/mirakel-android,https://github.com/MirakelX/mirakel-android,47554,299.0,13,7,27,10,45,102,3722
474,sukso96100/SidePanel,https://github.com/sukso96100/SidePanel,24212,115.0,3,14,11,0,29,57,66
475,paulmach/Text-Edit-for-Android,https://github.com/paulmach/Text-Edit-for-Android,2195,13.0,0,1,5,0,1,7,10
476,jamienicol/episodes,https://github.com/jamienicol/episodes,4238,36.0,3,0,2,0,2,7,264
477,velazcod/Tinfoil-Facebook,https://github.com/velazcod/Tinfoil-Facebook,1601,10.0,0,0,0,0,2,2,308
478,moparisthebest/AppBak,https://github.com/moparisthebest/AppBak,2103,18.0,0,1,2,0,1,4,2
479,lllllT/AtmosphereLogger,https://github.com/lllllT/AtmosphereLogger,1576,9.0,1,0,1,0,1,3,65
480,guardianproject/cacert,https://github.com/guardianproject/cacert,670,7.0,0,0,0,0,1,1,74
481,Smerty/ham.android,https://github.com/Smerty/ham.android,2080,18.0,5,0,2,0,1,8,87
482,abcdjdj/RootVerifier-APP,https://github.com/abcdjdj/RootVerifier-APP,348,5.0,0,0,0,0,0,0,94
483,sheimi/SGit,https://github.com/sheimi/SGit,8535,92.0,0,0,0,0,6,6,401
484,vmihalachi/turbo-editor,https://github.com/vmihalachi/turbo-editor,8554,71.0,1,2,2,0,7,12,80
485,j4velin/WiFi-Auto-Off,https://github.com/j4velin/WiFi-Auto-Off,2284,28.0,0,0,3,2,1,6,246
486,hmrocha/wifiwidget,https://github.com/hmrocha/wifiwidget,148,1.0,0,0,0,0,0,0,3
487,Chluverman/android-gltron,https://github.com/Chluverman/android-gltron,3986,25.0,0,0,3,0,4,7,15
488,niparasc/papanikolis-submarine,https://github.com/niparasc/papanikolis-submarine,2775,33.0,6,0,2,0,5,13,12
489,TomTasche/OpenDocument.droid,https://github.com/TomTasche/OpenDocument.droid,3817,46.0,2,0,3,0,5,10,251
490,balesz/android-WebSearch,https://github.com/balesz/android-WebSearch,1418,17.0,0,0,0,0,1,1,134
491,guardianproject/Gibberbot,https://github.com/guardianproject/Gibberbot,36865,225.0,8,9,36,3,45,101,2909
492,mateusz-szafraniec/NFCTagmaker,https://github.com/mateusz-szafraniec/NFCTagmaker,1658,11.0,0,0,1,0,1,2,55
493,Anasthase/TintBrowser,https://github.com/Anasthase/TintBrowser,13698,96.0,0,1,11,0,18,30,242
494,rorist/Cowsay-android,https://github.com/rorist/Cowsay-android,420,3.0,0,0,0,0,0,0,158
495,F0x06/EddyMalou,https://github.com/F0x06/EddyMalou,269,3.0,0,0,1,0,0,1,6
496,gsingh93/hacker-live-wallpaper,https://github.com/gsingh93/hacker-live-wallpaper,2287,16.0,0,0,0,0,4,4,87
497,schildbach/bitcoin-wallet,https://github.com/schildbach/bitcoin-wallet,18217,147.0,12,1,8,0,16,37,3259
498,notriddle/budget-envelopes,https://github.com/notriddle/budget-envelopes,4524,41.0,1,0,1,1,8,11,195
499,mancio/Volume-Control,https://github.com/mancio/Volume-Control,261,3.0,0,0,1,0,0,1,3
500,shakalaca/BeautyClockLiveWallpaper,https://github.com/shakalaca/BeautyClockLiveWallpaper,1887,13.0,0,0,0,0,4,4,98
501,umanx/DashNotifier,https://github.com/umanx/DashNotifier,3694,43.0,2,0,4,0,1,7,18
502,AChep/JellyBeanClock,https://github.com/AChep/JellyBeanClock,233,5.0,0,0,0,0,0,0,10
503,msal/muzei-nationalgeographic,https://github.com/msal/muzei-nationalgeographic,306,5.0,2,0,0,0,0,2,69
504,rjmarsan/Pixelesque,https://github.com/rjmarsan/Pixelesque,4330,36.0,3,0,1,0,3,7,31
505,hsaito/hstempo_android,https://github.com/hsaito/hstempo_android,295,1.0,0,0,0,0,0,0,46
506,dschuermann/document-viewer,https://github.com/dschuermann/document-viewer,44206,402.0,17,3,19,1,47,87,1752
507,dschuermann/standalone-calendar,https://github.com/dschuermann/standalone-calendar,34133,107.0,5,11,38,7,31,92,5400
508,StanLivitski/n-puzzle,https://github.com/StanLivitski/n-puzzle,2676,15.0,2,0,0,0,5,7,7
509,onyxbits/TextFiction,https://github.com/onyxbits/TextFiction,6448,51.0,4,1,5,0,8,18,124
510,AnimaSA/Atarashii,https://github.com/AnimaSA/Atarashii,15278,111.0,4,1,4,0,14,23,2325
511,loadrunner/Facebook-Contact-Sync,https://github.com/loadrunner/Facebook-Contact-Sync,4286,30.0,0,1,2,0,4,7,154
512,kromonos/Mustard-Mod,https://github.com/kromonos/Mustard-Mod,14142,101.0,15,3,5,1,8,32,59
513,MohammadAG/android-file-beam,https://github.com/MohammadAG/android-file-beam,461,4.0,0,0,0,0,1,1,5
514,scar45/aokp-co-webviewer,https://github.com/scar45/aokp-co-webviewer,224,1.0,0,0,0,0,0,0,20
515,hmrocha/batterywidget,https://github.com/hmrocha/batterywidget,239,3.0,0,0,0,0,0,0,31
516,zaren678/Hdhomerun-signal-meter,https://github.com/zaren678/Hdhomerun-signal-meter,1087,7.0,0,0,1,0,2,3,41
517,mborjesson/LG-Optimus-2X-Black-Notifications,https://github.com/mborjesson/LG-Optimus-2X-Black-Notifications,4835,43.0,0,2,6,0,2,10,69
518,Mobiperf/MobiPerf,https://github.com/Mobiperf/MobiPerf,9254,64.0,6,2,7,1,5,21,814
519,SpazeDog/mounts2sd,https://github.com/SpazeDog/mounts2sd,3618,27.0,0,0,6,0,4,10,128
520,felixb/otpdroid,https://github.com/felixb/otpdroid,1155,6.0,0,0,1,0,1,2,54
521,mvglasow/satstat,https://github.com/mvglasow/satstat,9023,111.0,11,0,5,1,8,25,528
522,cprados/wifimatic-android,https://github.com/cprados/wifimatic-android,4686,25.0,0,1,1,0,4,6,20
523,mendhak/gpslogger,https://github.com/mendhak/gpslogger,12820,125.0,2,3,7,4,8,24,1445
524,NightWhistler/PageTurner,https://github.com/NightWhistler/PageTurner,14769,137.0,13,3,5,0,14,35,1262
525,HoloAddict/FeedEx,https://github.com/HoloAddict/FeedEx,493,3.0,0,0,1,0,1,2,1305
526,Kent1/Manille,https://github.com/Kent1/Manille,831,13.0,2,0,1,0,0,3,101
527,felixb/smsdroid,https://github.com/felixb/smsdroid,4703,29.0,0,0,5,0,2,7,844
528,ushahidi/SMSSync,https://github.com/ushahidi/SMSSync,20821,307.0,14,0,1,2,31,48,1816
529,wrr/speech_trainer,https://github.com/wrr/speech_trainer,2318,30.0,1,0,0,0,4,5,31
530,cr5315/countdown-for-dashclock,https://github.com/cr5315/countdown-for-dashclock,746,11.0,0,0,0,0,1,1,12
531,dozingcat/CamTimer,https://github.com/dozingcat/CamTimer,1518,13.0,0,0,0,0,4,4,18
532,dsoulayrol/android-sholi,https://github.com/dsoulayrol/android-sholi,1351,17.0,1,0,0,0,1,2,67
533,edsonduarte1990/reminders,https://github.com/edsonduarte1990/reminders,573,15.0,1,0,0,0,0,1,102
534,dpadgett/Timer,https://github.com/dpadgett/Timer,3931,23.0,1,1,3,0,2,7,189
535,chrispbailey/ToDo-List-Widget,https://github.com/chrispbailey/ToDo-List-Widget,2637,30.0,0,0,2,0,2,4,134
536,brosmike/AirPush-Detector,https://github.com/brosmike/AirPush-Detector,550,6.0,0,0,0,0,1,1,26
537,tasermonkey/android-passwordmaker,https://github.com/tasermonkey/android-passwordmaker,3123,33.0,1,0,2,0,5,8,37
538,tstein/AndroSS,https://github.com/tstein/AndroSS,1120,8.0,0,0,3,0,1,4,159
539,janosgyerik/bluetoothviewer,https://github.com/janosgyerik/bluetoothviewer,1351,23.0,0,0,0,0,1,1,232
540,wanleung/ChangjieIME,https://github.com/wanleung/ChangjieIME,981,11.0,0,0,0,0,1,1,14
541,easytiger/dotty,https://github.com/easytiger/dotty,223,3.0,1,0,0,0,0,1,2
542,project-voodoo/ota-rootkeeper-app,https://github.com/project-voodoo/ota-rootkeeper-app,541,5.0,0,0,0,0,0,0,57
543,jerickson314/sdscanner,https://github.com/jerickson314/sdscanner,590,3.0,0,0,0,0,2,2,39
544,alt236/USB-Device-Info---Android,https://github.com/alt236/USB-Device-Info---Android,2745,47.0,1,0,0,0,1,2,68
545,onyxbits/geobookmark,https://github.com/onyxbits/geobookmark,183,5.0,0,0,0,0,0,0,14
546,mdecorde/BAC76,https://github.com/mdecorde/BAC76,624,12.0,0,0,0,0,1,1,16
547,trishika/DroidUPnP,https://github.com/trishika/DroidUPnP,6369,75.0,3,1,2,0,6,12,225
548,intervigilium/MicDroid,https://github.com/intervigilium/MicDroid,2332,29.0,0,0,0,0,2,2,77
549,mateuszbuda/ThermometerExtended2,https://github.com/mateuszbuda/ThermometerExtended2,3006,49.0,1,0,0,0,2,3,50
550,xenris/liquid-wars-android,https://github.com/xenris/liquid-wars-android,2398,20.0,0,0,0,0,6,6,28
551,jfreax/OpenLaw,https://github.com/jfreax/OpenLaw,4259,32.0,4,1,2,0,2,9,333
552,DizzyThermal/Auto-Away,https://github.com/DizzyThermal/Auto-Away,2950,14.0,5,0,4,0,6,15,15
553,guardianproject/PixelKnot,https://github.com/guardianproject/PixelKnot,4384,36.0,1,1,1,1,2,6,160
554,awaken/sanity,https://github.com/awaken/sanity,8761,75.0,0,0,1,0,19,20,45
555,NewProggie/SparkleShare-Android,https://github.com/NewProggie/SparkleShare-Android,2117,27.0,1,0,0,0,1,2,201
556,johnnylambada/WorldMap,https://github.com/johnnylambada/WorldMap,932,5.0,0,0,0,0,1,1,115
557,banasiak/CoinFlip,https://github.com/banasiak/CoinFlip,1887,15.0,0,0,1,1,1,3,118
558,prismsw/Lampshade,https://github.com/prismsw/Lampshade,2809,45.0,3,0,0,0,4,7,236
559,teamOSC/SubtleNews_Android_App,https://github.com/teamOSC/SubtleNews_Android_App,1230,12.0,0,0,1,0,1,2,103
560,budowski/budoist,https://github.com/budowski/budoist,11400,64.0,2,2,12,0,11,27,43
561,weisserd/LDAP-Sync,https://github.com/weisserd/LDAP-Sync,1432,13.0,2,0,0,0,0,2,111
562,teneighty/moss,https://github.com/teneighty/moss,6690,103.0,0,0,1,0,4,5,69
563,yankovskiy/SilentNight,https://github.com/yankovskiy/SilentNight,1401,16.0,0,1,0,0,2,3,30
564,indrora/Atomic,https://github.com/indrora/Atomic,13921,124.0,2,4,14,1,15,36,1226
565,tobykurien/BatteryFu,https://github.com/tobykurien/BatteryFu,3498,32.0,0,0,3,0,3,6,79
566,jyio/botbrew-gui,https://github.com/jyio/botbrew-gui,3699,27.0,4,0,1,0,4,9,135
567,felixb/clipboard-beam,https://github.com/felixb/clipboard-beam,209,1.0,0,0,0,0,0,0,8
568,blaztriglav/did-i,https://github.com/blaztriglav/did-i,1373,13.0,2,0,1,0,0,3,80
569,palfrey/postcode,https://github.com/palfrey/postcode,559,6.0,0,0,0,0,0,0,94
570,pyload/pyload-android,https://github.com/pyload/pyload-android,64704,142.0,3,5,15,2,27,52,108
571,Nutomic/control-dlna,https://github.com/Nutomic/control-dlna,2610,18.0,1,0,0,0,4,5,175
572,emergentdotorg/shaman,https://github.com/emergentdotorg/shaman,8600,74.0,4,1,1,0,14,20,37
573,cketti/DashClock_K-9,https://github.com/cketti/DashClock_K-9,822,7.0,0,0,0,0,1,1,66
574,timvdalen/gizmooi,https://github.com/timvdalen/gizmooi,258,6.0,1,0,0,0,0,1,7
575,gggard/AndroidCaldavSyncAdapater,https://github.com/gggard/AndroidCaldavSyncAdapater,17344,219.0,18,3,9,0,7,37,121
576,nfd/KeePassNFC,https://github.com/nfd/KeePassNFC,1359,17.0,0,0,0,0,2,2,11
577,matburt/mobileorg-android,https://github.com/matburt/mobileorg-android,8696,83.0,0,0,3,0,7,10,1273
578,losttime/cooper,https://github.com/losttime/cooper,1655,15.0,2,0,0,0,3,5,52
579,miracle2k/android-autostarts,https://github.com/miracle2k/android-autostarts,5896,33.0,1,1,8,0,5,15,449
580,pires/android-obd-reader,https://github.com/pires/android-obd-reader,2303,19.0,2,0,1,0,1,4,337
581,rmtheis/android-ocr,https://github.com/rmtheis/android-ocr,3929,27.0,2,1,4,1,2,10,115
582,adrian-bl/APN-Switch,https://github.com/adrian-bl/APN-Switch,375,4.0,0,0,0,0,1,1,12
583,flyingrub/SpeedMeter,https://github.com/flyingrub/SpeedMeter,582,4.0,0,0,1,0,1,2,95
584,mariotaku/twidere.extension.twitlonger,https://github.com/mariotaku/twidere.extension.twitlonger,1099,11.0,1,0,0,0,1,2,8
585,Zanshinmu/Wifi-Fixer,https://github.com/Zanshinmu/Wifi-Fixer,7132,75.0,2,1,0,0,8,11,1264
586,freezy/android-xbmcremote,https://github.com/freezy/android-xbmcremote,52641,458.0,4,8,12,4,72,100,946
587,btmura/rbb,https://github.com/btmura/rbb,25074,235.0,5,2,3,5,40,55,2347
588,MarcDufresne/BetterWeather,https://github.com/MarcDufresne/BetterWeather,3909,34.0,1,0,3,0,4,8,125
589,indication/OpenRedmine,https://github.com/indication/OpenRedmine,19504,254.0,14,0,4,0,24,42,1321
590,MaTachi/geometri-destroyer,https://github.com/MaTachi/geometri-destroyer,1393,15.0,1,0,1,0,4,6,23
591,awilliams/fish,https://github.com/awilliams/fish,236,5.0,0,0,0,0,0,0,3
592,nathanpc/Build.prop-Editor,https://github.com/nathanpc/Build.prop-Editor,473,4.0,0,0,0,0,1,1,15
593,Nilhcem/hosts-editor-android,https://github.com/Nilhcem/hosts-editor-android,1840,32.0,0,0,0,0,2,2,135
594,elek/osmgpxuploader,https://github.com/elek/osmgpxuploader,1978,26.0,3,0,1,0,0,4,34
595,ShowMeHills/ShowMeHills,https://github.com/ShowMeHills/ShowMeHills,3820,32.0,0,1,2,0,3,6,74
596,prrt714/Kaleidoscope,https://github.com/prrt714/Kaleidoscope,3180,18.0,0,0,1,0,3,4,25
597,logomancer/dashquotes-civ5,https://github.com/logomancer/dashquotes-civ5,134,2.0,0,0,0,0,0,0,22
598,onyxbits/Drudgery,https://github.com/onyxbits/Drudgery,818,12.0,2,0,0,0,1,3,15
599,amiga/sonorox,https://github.com/amiga/sonorox,2931,12.0,0,3,4,0,5,12,4
600,jurihock/voicesmith,https://github.com/jurihock/voicesmith,4761,80.0,1,0,1,0,3,5,158
601,markusfisch/WaveLinesWallpaper,https://github.com/markusfisch/WaveLinesWallpaper,1806,12.0,0,0,1,0,4,5,56
602,voidcode/Diaspora-Webclient,https://github.com/voidcode/Diaspora-Webclient,923,10.0,0,0,1,0,0,1,63
603,sweetiepiggy/Every-Locale,https://github.com/sweetiepiggy/Every-Locale,255,2.0,0,0,0,0,0,0,53
604,codebutler/farebot,https://github.com/codebutler/farebot,10926,171.0,2,1,6,1,9,19,242
605,guardianproject/gnupg-for-android,https://github.com/guardianproject/gnupg-for-android,7371,62.0,1,0,1,0,10,12,782
606,atd/HandyNotes,https://github.com/atd/HandyNotes,243,11.0,0,0,0,0,0,0,32
607,guardianproject/lildebi,https://github.com/guardianproject/lildebi,2081,20.0,0,0,1,0,2,3,578
608,nadam/nfc-reader,https://github.com/nadam/nfc-reader,780,6.0,0,0,0,0,1,1,44
609,xenotropic/quizzn,https://github.com/xenotropic/quizzn,747,6.0,0,0,1,0,0,1,4
610,chaosbastler/opentraining,https://github.com/chaosbastler/opentraining,10264,100.0,4,0,8,0,5,17,503
611,telecapoland/jamendo-android,https://github.com/telecapoland/jamendo-android,8370,115.0,8,0,2,0,7,17,150
612,thasmin/Podax,https://github.com/thasmin/Podax,10912,82.0,4,1,7,0,11,23,885
613,clementine-player/Android-Remote,https://github.com/clementine-player/Android-Remote,34030,103.0,1,9,15,0,85,110,748
614,danielegobbetti/ICSImport,https://github.com/danielegobbetti/ICSImport,65,1.0,0,0,0,0,0,0,14
615,ajaapps/flightmode,https://github.com/ajaapps/flightmode,103,2.0,0,0,0,0,1,1,12
616,cglapa/rights-alert,https://github.com/cglapa/rights-alert,451,8.0,1,0,0,0,0,1,40
617,zaki50/MemoPad,https://github.com/zaki50/MemoPad,1130,9.0,0,0,2,0,3,5,61
618,rtyley/agit,https://github.com/rtyley/agit,9941,208.0,0,0,1,0,11,12,894
619,baolongnt/EmailPopup,https://github.com/baolongnt/EmailPopup,1320,15.0,0,0,3,0,0,3,75
620,opentelecoms-org/lumicall,https://github.com/opentelecoms-org/lumicall,19040,141.0,4,1,18,3,20,46,905
621,lablogga/DIYgenomics_Android,https://github.com/lablogga/DIYgenomics_Android,2027,21.0,0,0,0,0,1,1,21
622,Kaljurand/Diktofon,https://github.com/Kaljurand/Diktofon,3846,38.0,0,0,0,0,5,5,54
623,SASAbus/SASAbus,https://github.com/SASAbus/SASAbus,20104,229.0,22,0,9,2,9,42,689
624,guardianproject/notecipher,https://github.com/guardianproject/notecipher,1623,11.0,0,0,0,0,3,3,190
625,anthonydahanne/ReGalAndroid,https://github.com/anthonydahanne/ReGalAndroid,9208,115.0,11,0,3,2,6,22,251
626,threedliteguy/urforms,https://github.com/threedliteguy/urforms,3928,24.0,3,0,4,0,1,8,4
627,nolanlawson/ChordReaderRoot,https://github.com/nolanlawson/ChordReaderRoot,3354,40.0,4,1,1,0,2,8,84
628,boombuler/piraten_map_app,https://github.com/boombuler/piraten_map_app,32472,62.0,0,16,8,0,78,102,60
629,soft-studio/NFC_DriversLicenseReader,https://github.com/soft-studio/NFC_DriversLicenseReader,15512,136.0,3,6,43,14,2,68,5
630,moparisthebest/PagePlusBalance,https://github.com/moparisthebest/PagePlusBalance,535,8.0,0,0,1,0,0,1,8
631,tom-and-jerry/eyeCam,https://github.com/tom-and-jerry/eyeCam,2417,26.0,0,0,0,0,1,1,131
632,NightlyNexus/Color-Clock,https://github.com/NightlyNexus/Color-Clock,451,6.0,0,0,0,0,0,0,16
633,ajlyon/zandy,https://github.com/ajlyon/zandy,7167,36.0,2,2,16,0,6,26,314
634,nicolas-raoul/OxygenGuide-Android,https://github.com/nicolas-raoul/OxygenGuide-Android,215,1.0,0,0,0,0,0,0,23
635,pettarin/epub3reader,https://github.com/pettarin/epub3reader,2342,12.0,0,0,2,0,3,5,51
636,Xlythe/HexGame_Android,https://github.com/Xlythe/HexGame_Android,5029,29.0,4,0,1,0,6,11,366
637,talklittle/reddit-is-fun,https://github.com/talklittle/reddit-is-fun,11404,57.0,6,3,7,0,11,27,773
638,wallabag/android-app,https://github.com/wallabag/android-app,12477,95.0,8,1,10,2,13,34,1223
639,oschina/android-app,https://github.com/oschina/android-app,23283,120.0,20,4,33,0,20,77,30
640,mconf/sipdroid,https://github.com/mconf/sipdroid,24257,250.0,1,2,16,4,36,59,290
641,sagemath/android,https://github.com/sagemath/android,7921,99.0,9,0,2,0,9,20,411
642,owncloud/android,https://github.com/owncloud/android,40585,261.0,3,6,26,0,46,81,7080
643,justin66/MyTracks,https://github.com/justin66/MyTracks,37031,300.0,11,2,7,2,52,74,2758
644,github/android,https://github.com/github/android,15687,236.0,3,0,1,1,21,26,3393
645,cyclestreets/android,https://github.com/cyclestreets/android,11499,157.0,2,1,1,2,23,29,1534
646,felixb/websms,https://github.com/felixb/websms,4352,27.0,2,1,5,0,4,12,1651
647,osmdroid/osmdroid,https://github.com/osmdroid/osmdroid,45197,511.0,17,1,26,4,40,88,2838
648,skhang/appsorganizer,https://github.com/skhang/appsorganizer,12298,131.0,7,0,0,0,27,34,172
